seed,tracker,scans,total_births,total_confirmed_births,rms_gospa,rms_localization,rms_missed,rms_false,early_rms_gospa,late_rms_gospa,mean_cardinality_error,mean_false_targets,mean_missed_targets,final_birth_atoms,recurrent_birth_atoms,spurious_birth_atoms,birth_region_error,runtime_seconds
0,pmbm_broad,96,NaN,NaN,4.63069707997,0.781039123944,3.67990036097,2.70030862434,4.21758103437,4.82400645511,0.395833333333,0.145833333333,0.270833333333,NaN,NaN,NaN,NaN,137.892657042
0,pmbm_oracle,96,NaN,NaN,3.40466886898,0.808869647976,0.721687836487,3.22748612184,3.16941307174,3.51639951534,0.21875,0.208333333333,0.0104166666667,NaN,NaN,NaN,NaN,7.520788908
1,pmbm_broad,96,NaN,NaN,4.86619590592,0.873610856207,3.88640793879,2.79508497187,4.45753124374,5.05816186946,0.4375,0.15625,0.302083333333,NaN,NaN,NaN,NaN,186.819723845
1,pmbm_oracle,96,NaN,NaN,3.33622157849,0.84481225968,0.721687836487,3.14576434803,3.21382968873,3.39576368393,0.208333333333,0.197916666667,0.0104166666667,NaN,NaN,NaN,NaN,8.43886494637
2,pmbm_broad,96,NaN,NaN,4.78180980833,0.685471888315,4.08248290464,2.39356776939,5.03733819423,4.64878150949,0.427083333333,0.114583333333,0.333333333333,NaN,NaN,NaN,NaN,120.854703903
2,pmbm_oracle,96,NaN,NaN,3.13741557797,0.684380383195,1.61374306092,2.60208249933,3.13429670351,3.13897385311,0.1875,0.135416666667,0.0520833333333,NaN,NaN,NaN,NaN,5.38624691963
3,pmbm_broad,96,NaN,NaN,4.50903483775,0.734662168194,3.75,2.39356776939,4.1894150962,4.66063228843,0.395833333333,0.114583333333,0.28125,NaN,NaN,NaN,NaN,103.505362034
3,pmbm_oracle,96,NaN,NaN,3.06357632505,0.728926081805,0,2.97559517856,2.85516777831,3.16263471301,0.177083333333,0.177083333333,0,NaN,NaN,NaN,NaN,6.24318909645
4,pmbm_broad,96,NaN,NaN,4.75459397302,0.855081193957,4.01818781708,2.39356776939,4.76030098417,4.75173789707,0.4375,0.114583333333,0.322916666667,NaN,NaN,NaN,NaN,165.7290411
4,pmbm_oracle,96,NaN,NaN,3.25604786165,0.840246597161,1.44337567297,2.79508497187,3.18815719133,3.28946779552,0.197916666667,0.15625,0.0416666666667,NaN,NaN,NaN,NaN,6.54289698601
5,pmbm_broad,96,NaN,NaN,5.05633209274,0.752658111039,4.08248290464,2.88675134595,4.39566990613,5.35619122011,0.4375,0.166666666667,0.333333333333,NaN,NaN,NaN,NaN,120.183893919
5,pmbm_oracle,96,NaN,NaN,3.82921655781,0.774854468015,2.04124145232,3.14576434803,3.38358918571,4.0336102044,0.28125,0.197916666667,0.0833333333333,NaN,NaN,NaN,NaN,5.55105686188
6,pmbm_broad,96,NaN,NaN,4.53100468949,0.859265284702,3.67990036097,2.5,4.58329793017,4.50463042723,0.395833333333,0.125,0.270833333333,NaN,NaN,NaN,NaN,205.757189035
6,pmbm_oracle,96,NaN,NaN,3.15136995301,0.745742972318,1.02062072616,2.88675134595,3.1672152218,3.14341736658,0.1875,0.166666666667,0.0208333333333,NaN,NaN,NaN,NaN,7.49294710159
7,pmbm_broad,96,NaN,NaN,4.78938803705,0.736481117247,4.14578098794,2.28217732294,4.89221386263,4.73713820943,0.447916666667,0.104166666667,0.34375,NaN,NaN,NaN,NaN,211.320415974
7,pmbm_oracle,96,NaN,NaN,3.61287274173,0.743538464329,2.16506350946,2.79508497187,3.60201130284,3.61829123469,0.208333333333,0.15625,0.09375,NaN,NaN,NaN,NaN,6.16363310814
8,pmbm_broad,96,NaN,NaN,4.418232276,1.13649011347,3.60843918244,2.28217732294,4.05115700566,4.59077641852,0.34375,0.104166666667,0.260416666667,NaN,NaN,NaN,NaN,257.589754105
8,pmbm_oracle,96,NaN,NaN,3.15968845414,0.780148144397,1.02062072616,2.88675134595,2.35092843329,3.49456927841,0.145833333333,0.166666666667,0.0208333333333,NaN,NaN,NaN,NaN,7.41751098633
9,pmbm_broad,96,NaN,NaN,4.99834592761,0.710137553828,4.26956281915,2.5,4.20725121719,5.35020668907,0.427083333333,0.125,0.364583333333,NaN,NaN,NaN,NaN,233.498198032
9,pmbm_oracle,96,NaN,NaN,3.31589251004,0.760576407368,1.44337567297,2.88675134595,3.14636023528,3.39748779867,0.208333333333,0.166666666667,0.0416666666667,NaN,NaN,NaN,NaN,5.93665099144
10,pmbm_broad,96,NaN,NaN,4.94462316449,1.23799498064,3.60843918244,3.14576434803,4.89151586954,4.97096405209,0.416666666667,0.197916666667,0.260416666667,NaN,NaN,NaN,NaN,158.04557395
10,pmbm_oracle,96,NaN,NaN,3.61963150052,0.775713993392,1.02062072616,3.38501600193,4.02418709358,3.39934661622,0.229166666667,0.229166666667,0.0208333333333,NaN,NaN,NaN,NaN,7.76288890839
11,pmbm_broad,96,NaN,NaN,4.87695298762,0.93166720281,4.01818781708,2.60208249933,4.91101055322,4.85983470277,0.458333333333,0.135416666667,0.322916666667,NaN,NaN,NaN,NaN,176.093396902
11,pmbm_oracle,96,NaN,NaN,3.46966473715,0.761734898048,1.61374306092,2.97559517856,3.14174615801,3.6225095751,0.229166666667,0.177083333333,0.0520833333333,NaN,NaN,NaN,NaN,6.7449529171
12,pmbm_broad,96,NaN,NaN,4.49459316197,0.640078920907,3.67990036097,2.5,4.38226578141,4.54971700747,0.375,0.125,0.270833333333,NaN,NaN,NaN,NaN,135.527631044
12,pmbm_oracle,96,NaN,NaN,3.12590400327,0.629504438175,0.721687836487,2.97559517856,3.12322194659,3.12724416902,0.1875,0.177083333333,0.0104166666667,NaN,NaN,NaN,NaN,6.6588909626
13,pmbm_broad,96,NaN,NaN,4.83495841293,0.678348131937,4.01818781708,2.60208249933,4.372868641,5.05017269075,0.458333333333,0.135416666667,0.322916666667,NaN,NaN,NaN,NaN,145.652523041
13,pmbm_oracle,96,NaN,NaN,3.22299635475,0.701335988959,1.25,2.88675134595,3.59097611925,3.02225139748,0.177083333333,0.166666666667,0.03125,NaN,NaN,NaN,NaN,6.71632099152
14,pmbm_broad,96,NaN,NaN,4.85331046848,0.798721376216,4.14578098794,2.39356776939,4.94181895368,4.80844532773,0.416666666667,0.114583333333,0.34375,NaN,NaN,NaN,NaN,157.801844835
14,pmbm_oracle,96,NaN,NaN,3.20244993294,0.938448492452,1.44337567297,2.70030862434,3.96124085541,2.74550793155,0.166666666667,0.145833333333,0.0416666666667,NaN,NaN,NaN,NaN,6.96247005463
15,pmbm_broad,96,NaN,NaN,4.72695140852,0.684886573443,4.08248290464,2.28217732294,5.34684367084,4.38426000683,0.4375,0.104166666667,0.333333333333,NaN,NaN,NaN,NaN,248.912593842
15,pmbm_oracle,96,NaN,NaN,3.45397303745,0.686728774795,1.76776695297,2.88675134595,4.01454563201,3.13633644551,0.229166666667,0.166666666667,0.0625,NaN,NaN,NaN,NaN,7.56064581871
16,pmbm_broad,96,NaN,NaN,5.16690962276,0.809498846858,4.14578098794,2.97559517856,5.9133750736,4.74988738752,0.416666666667,0.177083333333,0.34375,NaN,NaN,NaN,NaN,266.012212038
16,pmbm_oracle,96,NaN,NaN,3.40861928658,0.82533959121,1.44337567297,2.97559517856,3.63254074108,3.29095002141,0.21875,0.177083333333,0.0416666666667,NaN,NaN,NaN,NaN,7.67449307442
17,pmbm_broad,96,NaN,NaN,4.69199045876,0.812777828482,3.88640793879,2.5,4.57110619175,4.7512793845,0.385416666667,0.125,0.302083333333,NaN,NaN,NaN,NaN,203.234593868
17,pmbm_oracle,96,NaN,NaN,2.81896081446,0.809242489487,1.25,2.39356776939,2.61494761708,2.91561907494,0.145833333333,0.114583333333,0.03125,NaN,NaN,NaN,NaN,6.20181298256
18,pmbm_broad,96,NaN,NaN,4.80389512387,0.825575573656,4.20812705765,2.16506350946,4.88567743514,4.7624773534,0.447916666667,0.09375,0.354166666667,NaN,NaN,NaN,NaN,221.271960974
18,pmbm_oracle,96,NaN,NaN,3.24869999116,0.811306538369,1.76776695297,2.60208249933,2.28062137511,3.6373700005,0.197916666667,0.135416666667,0.0625,NaN,NaN,NaN,NaN,6.21649193764
19,pmbm_broad,96,NaN,NaN,4.99951146619,0.718295366733,4.14578098794,2.70030862434,5.33673684572,4.82206307202,0.46875,0.145833333333,0.34375,NaN,NaN,NaN,NaN,205.571820021
19,pmbm_oracle,96,NaN,NaN,3.61655740194,0.761240725086,1.90940653956,2.97559517856,4.18594399504,3.29517337898,0.25,0.177083333333,0.0729166666667,NaN,NaN,NaN,NaN,6.39305901527
20,pmbm_broad,96,NaN,NaN,5.06249730508,0.79301889258,4.26956281915,2.60208249933,5.04780429966,5.0698278395,0.479166666667,0.135416666667,0.364583333333,NaN,NaN,NaN,NaN,142.597639084
20,pmbm_oracle,96,NaN,NaN,3.31908984367,0.774397006489,2.04124145232,2.5,3.12767127072,3.41077297641,0.1875,0.125,0.0833333333333,NaN,NaN,NaN,NaN,5.40435385704
21,pmbm_broad,96,NaN,NaN,5.30255143113,1.01671940396,4.56435464588,2.5,5.03094465244,5.43326563603,0.5,0.125,0.416666666667,NaN,NaN,NaN,NaN,147.72507
21,pmbm_oracle,96,NaN,NaN,3.56290244306,0.845640084243,2.28217732294,2.60208249933,2.86635019445,3.86437951158,0.21875,0.135416666667,0.104166666667,NaN,NaN,NaN,NaN,5.65386080742
22,pmbm_broad,96,NaN,NaN,4.82192208771,0.924715786956,3.81881307913,2.79508497187,5.05394012536,4.70162137295,0.40625,0.15625,0.291666666667,NaN,NaN,NaN,NaN,171.459465027
22,pmbm_oracle,96,NaN,NaN,3.32046300347,0.780261424622,1.25,2.97559517856,3.11726698785,3.41753348182,0.1875,0.177083333333,0.03125,NaN,NaN,NaN,NaN,7.59402084351
23,pmbm_broad,96,NaN,NaN,4.94318754726,0.690485187416,4.20812705765,2.5,4.54097401536,5.13248791396,0.458333333333,0.125,0.354166666667,NaN,NaN,NaN,NaN,137.842237949
23,pmbm_oracle,96,NaN,NaN,3.22530999688,0.711892718478,1.76776695297,2.60208249933,2.56592268703,3.50883987181,0.197916666667,0.135416666667,0.0625,NaN,NaN,NaN,NaN,6.6800699234
24,pmbm_broad,96,NaN,NaN,4.68665336775,0.781378987907,3.75,2.70030862434,4.55712159735,4.75009484722,0.385416666667,0.145833333333,0.28125,NaN,NaN,NaN,NaN,159.445149899
24,pmbm_oracle,96,NaN,NaN,3.32115879574,0.783217134557,1.02062072616,3.06186217848,2.59424246295,3.63044028205,0.1875,0.1875,0.0208333333333,NaN,NaN,NaN,NaN,6.88398194313
25,pmbm_broad,96,NaN,NaN,4.5879107177,1.12127520571,3.67990036097,2.5,4.20577114028,4.76750791171,0.354166666667,0.125,0.270833333333,NaN,NaN,NaN,NaN,229.509594917
25,pmbm_oracle,96,NaN,NaN,2.72837294599,0.820478883977,1.02062072616,2.39356776939,1.89433562911,3.06133543747,0.135416666667,0.114583333333,0.0208333333333,NaN,NaN,NaN,NaN,6.74404501915
26,pmbm_broad,96,NaN,NaN,4.89031654924,0.691155519205,3.67990036097,3.14576434803,4.56933843123,5.04315051114,0.40625,0.197916666667,0.270833333333,NaN,NaN,NaN,NaN,190.607028008
26,pmbm_oracle,96,NaN,NaN,3.22714684108,0.720169008325,1.02062072616,2.97559517856,3.16292541708,3.25878297894,0.197916666667,0.177083333333,0.0208333333333,NaN,NaN,NaN,NaN,6.48830699921
27,pmbm_broad,96,NaN,NaN,4.78912438471,0.734764614635,3.88640793879,2.70030862434,4.90476812807,4.7302424212,0.447916666667,0.145833333333,0.302083333333,NaN,NaN,NaN,NaN,223.501308918
27,pmbm_oracle,96,NaN,NaN,3.31854849201,0.772073459707,1.44337567297,2.88675134595,3.6289302783,3.15191666426,0.208333333333,0.166666666667,0.0416666666667,NaN,NaN,NaN,NaN,5.92012095451
28,pmbm_broad,96,NaN,NaN,4.9422677807,0.683869492501,4.33012701892,2.28217732294,5.62976236388,4.55981404086,0.458333333333,0.104166666667,0.375,NaN,NaN,NaN,NaN,229.151248932
28,pmbm_oracle,96,NaN,NaN,3.13570706876,0.676504856671,2.04124145232,2.28217732294,3.80067582635,2.74343213205,0.1875,0.104166666667,0.0833333333333,NaN,NaN,NaN,NaN,5.65143299103
29,pmbm_broad,96,NaN,NaN,5.10173577593,0.711951258181,4.14578098794,2.88675134595,4.38116028942,5.4262583011,0.447916666667,0.166666666667,0.34375,NaN,NaN,NaN,NaN,232.81678009
29,pmbm_oracle,96,NaN,NaN,4.02619847698,0.765032140518,2.04124145232,3.38501600193,3.3701859614,4.31698211217,0.3125,0.229166666667,0.0833333333333,NaN,NaN,NaN,NaN,7.30063986778
30,pmbm_broad,96,NaN,NaN,4.73336489704,0.727834629964,3.75,2.79508497187,4.72000854614,4.7400289593,0.4375,0.15625,0.28125,NaN,NaN,NaN,NaN,144.65118885
30,pmbm_oracle,96,NaN,NaN,3.23577067506,0.757877647277,1.02062072616,2.97559517856,3.81791987389,2.90121728084,0.197916666667,0.177083333333,0.0208333333333,NaN,NaN,NaN,NaN,6.42644286156
31,pmbm_broad,96,NaN,NaN,4.76056956304,0.887706350425,3.67990036097,2.88675134595,5.09720357503,4.58298938513,0.375,0.166666666667,0.270833333333,NaN,NaN,NaN,NaN,176.579836845
31,pmbm_oracle,96,NaN,NaN,3.32116392988,0.783238905087,1.44337567297,2.88675134595,3.81689490287,3.04316470535,0.1875,0.166666666667,0.0416666666667,NaN,NaN,NaN,NaN,6.12756991386
32,pmbm_broad,96,NaN,NaN,5.10905022005,0.762601349133,4.33012701892,2.60208249933,5.05037749836,5.1381353416,0.510416666667,0.135416666667,0.375,NaN,NaN,NaN,NaN,138.644021034
32,pmbm_oracle,96,NaN,NaN,3.69526786293,0.796348695907,1.76776695297,3.14576434803,3.15440837098,3.93793864639,0.239583333333,0.197916666667,0.0625,NaN,NaN,NaN,NaN,5.99284291267
33,pmbm_broad,96,NaN,NaN,5.11457527331,0.798778375392,4.38985573036,2.5,4.57650575846,5.36340543507,0.489583333333,0.125,0.385416666667,NaN,NaN,NaN,NaN,124.715177059
33,pmbm_oracle,96,NaN,NaN,3.63042915004,0.82463071338,1.90940653956,2.97559517856,3.16169774659,3.8434174116,0.25,0.177083333333,0.0729166666667,NaN,NaN,NaN,NaN,6.00309300423
34,pmbm_broad,96,NaN,NaN,4.61452104798,0.678580259758,4.01818781708,2.16506350946,4.86624270445,4.48336343877,0.416666666667,0.09375,0.322916666667,NaN,NaN,NaN,NaN,133.327471018
34,pmbm_oracle,96,NaN,NaN,3.37594764253,0.677880878248,1.44337567297,2.97559517856,2.85097346771,3.60991812523,0.21875,0.177083333333,0.0416666666667,NaN,NaN,NaN,NaN,7.53028202057
35,pmbm_broad,96,NaN,NaN,4.55291932455,0.645425732288,3.88640793879,2.28217732294,5.03672836337,4.29060546551,0.385416666667,0.104166666667,0.302083333333,NaN,NaN,NaN,NaN,222.763399839
35,pmbm_oracle,96,NaN,NaN,3.05249139361,0.680835546515,1.02062072616,2.79508497187,3.59509290178,2.74120577044,0.15625,0.15625,0.0208333333333,NaN,NaN,NaN,NaN,7.76278400421
36,pmbm_broad,96,NaN,NaN,4.56683568574,0.737216508574,3.75,2.5,4.22958068924,4.72644748912,0.40625,0.125,0.28125,NaN,NaN,NaN,NaN,249.887540102
36,pmbm_oracle,96,NaN,NaN,3.08041254319,0.796727537851,1.02062072616,2.79508497187,2.33793622169,3.39122975718,0.177083333333,0.15625,0.0208333333333,NaN,NaN,NaN,NaN,6.49287605286
37,pmbm_broad,96,NaN,NaN,4.67072560043,0.679345985402,3.95284707521,2.39356776939,5.19893693901,4.38281231676,0.427083333333,0.114583333333,0.3125,NaN,NaN,NaN,NaN,210.678364992
37,pmbm_oracle,96,NaN,NaN,3.23503351082,0.754724110386,1.25,2.88675134595,3.63602710009,3.01460050221,0.197916666667,0.166666666667,0.03125,NaN,NaN,NaN,NaN,6.99627804756
38,pmbm_broad,96,NaN,NaN,4.67721605668,0.722622566898,3.95284707521,2.39356776939,3.99369890723,4.98394518233,0.40625,0.114583333333,0.3125,NaN,NaN,NaN,NaN,212.003300905
38,pmbm_oracle,96,NaN,NaN,3.23360554427,0.748579643459,1.25,2.88675134595,2.59384940127,3.5100256218,0.177083333333,0.166666666667,0.03125,NaN,NaN,NaN,NaN,6.58269309998
39,pmbm_broad,96,NaN,NaN,5.14552893192,0.659394663717,4.38985573036,2.60208249933,4.7115359649,5.34933794123,0.5,0.135416666667,0.385416666667,NaN,NaN,NaN,NaN,197.765729904
39,pmbm_oracle,96,NaN,NaN,3.53700718759,0.728871167196,1.61374306092,3.06186217848,3.598956254,3.50562215712,0.239583333333,0.1875,0.0520833333333,NaN,NaN,NaN,NaN,6.04201602936
40,pmbm_broad,96,NaN,NaN,4.6960972039,0.836159244311,3.95284707521,2.39356776939,4.40433363998,4.83538168262,0.427083333333,0.114583333333,0.3125,NaN,NaN,NaN,NaN,141.040234089
40,pmbm_oracle,96,NaN,NaN,3.27043765194,0.894387556863,1.61374306092,2.70030862434,3.41270670172,3.19692979854,0.197916666667,0.145833333333,0.0520833333333,NaN,NaN,NaN,NaN,8.83356785774
41,pmbm_broad,96,NaN,NaN,5.26590492432,0.80400332002,4.44878260501,2.70030862434,5.04204668198,5.37433853011,0.5,0.145833333333,0.395833333333,NaN,NaN,NaN,NaN,150.008153915
41,pmbm_oracle,96,NaN,NaN,3.76379362834,0.790237818688,2.28217732294,2.88675134595,3.61181520584,3.83752643959,0.25,0.166666666667,0.104166666667,NaN,NaN,NaN,NaN,6.84125590324
42,pmbm_broad,96,NaN,NaN,4.87236836081,0.907362538793,3.95284707521,2.70030862434,4.45961192402,5.06615148893,0.416666666667,0.145833333333,0.3125,NaN,NaN,NaN,NaN,179.814982891
42,pmbm_oracle,96,NaN,NaN,3.39847541388,0.782390656089,1.76776695297,2.79508497187,2.89599089596,3.6236819774,0.197916666667,0.15625,0.0625,NaN,NaN,NaN,NaN,7.47689080238
43,pmbm_broad,96,NaN,NaN,4.39710982745,0.764574937226,3.60843918244,2.39356776939,3.81821619412,4.65966466598,0.375,0.114583333333,0.260416666667,NaN,NaN,NaN,NaN,133.68316102
43,pmbm_oracle,96,NaN,NaN,3.7474654979,0.708400304387,1.44337567297,3.38501600193,2.58866951884,4.2088765185,0.270833333333,0.229166666667,0.0416666666667,NaN,NaN,NaN,NaN,6.99385404587
44,pmbm_broad,96,NaN,NaN,4.88993300352,0.688436474099,4.14578098794,2.5,4.37975150205,5.12601751445,0.447916666667,0.125,0.34375,NaN,NaN,NaN,NaN,141.275871992
44,pmbm_oracle,96,NaN,NaN,3.14483056487,0.717606634425,1.25,2.79508497187,2.28020009871,3.4978968935,0.1875,0.15625,0.03125,NaN,NaN,NaN,NaN,5.71899485588
45,pmbm_broad,96,NaN,NaN,4.46890371431,0.836819618809,3.81881307913,2.16506350946,4.05338447947,4.66279827383,0.385416666667,0.09375,0.291666666667,NaN,NaN,NaN,NaN,128.880167961
45,pmbm_oracle,96,NaN,NaN,2.90860987364,0.804680928702,1.25,2.5,1.97074534093,3.27842927271,0.135416666667,0.125,0.03125,NaN,NaN,NaN,NaN,5.56873393059
46,pmbm_broad,96,NaN,NaN,4.73910431201,0.764270685111,3.88640793879,2.60208249933,4.57414200109,4.81946853887,0.416666666667,0.135416666667,0.302083333333,NaN,NaN,NaN,NaN,220.125102997
46,pmbm_oracle,96,NaN,NaN,2.80538826812,0.760615979497,0.721687836487,2.60208249933,2.90645810129,2.75346248479,0.125,0.135416666667,0.0104166666667,NaN,NaN,NaN,NaN,6.42493391037
47,pmbm_broad,96,NaN,NaN,4.63555109384,0.80932107983,3.60843918244,2.79508497187,4.20796518037,4.8351851501,0.354166666667,0.15625,0.260416666667,NaN,NaN,NaN,NaN,257.984242916
47,pmbm_oracle,96,NaN,NaN,3.33529451938,0.841143783393,1.02062072616,3.06186217848,2.6235474573,3.63933835555,0.208333333333,0.1875,0.0208333333333,NaN,NaN,NaN,NaN,6.44181704521
48,pmbm_broad,96,NaN,NaN,4.85689579407,0.82022563225,3.95284707521,2.70030862434,4.40089026133,5.06954017497,0.4375,0.145833333333,0.3125,NaN,NaN,NaN,NaN,199.341924906
48,pmbm_oracle,96,NaN,NaN,2.99306511226,0.790636093862,1.25,2.60208249933,2.29892564948,3.28559409825,0.166666666667,0.135416666667,0.03125,NaN,NaN,NaN,NaN,6.42571496964
49,pmbm_broad,96,NaN,NaN,4.69551635583,0.832890857925,3.67990036097,2.79508497187,4.24736663699,4.90425826169,0.385416666667,0.15625,0.270833333333,NaN,NaN,NaN,NaN,223.524836063
49,pmbm_oracle,96,NaN,NaN,3.2499648593,0.816356694915,1.25,2.88675134595,2.64551526547,3.51340744436,0.197916666667,0.166666666667,0.03125,NaN,NaN,NaN,NaN,7.84454202652
50,pmbm_broad,96,NaN,NaN,4.73338380275,0.727957570318,3.88640793879,2.60208249933,4.57632305098,4.80999137243,0.416666666667,0.135416666667,0.302083333333,NaN,NaN,NaN,NaN,130.852168083
50,pmbm_oracle,96,NaN,NaN,3.30928077028,0.731213067356,1.44337567297,2.88675134595,3.41433363728,3.255483333,0.208333333333,0.166666666667,0.0416666666667,NaN,NaN,NaN,NaN,7.02865290642
51,pmbm_broad,96,NaN,NaN,4.9491192085,0.731742855539,3.95284707521,2.88675134595,5.04255208448,4.90173496301,0.479166666667,0.166666666667,0.3125,NaN,NaN,NaN,NaN,164.137758017
51,pmbm_oracle,96,NaN,NaN,3.38896392995,0.739984133967,1.44337567297,2.97559517856,3.80977367824,3.1575983022,0.21875,0.177083333333,0.0416666666667,NaN,NaN,NaN,NaN,6.2878267765
52,pmbm_broad,96,NaN,NaN,4.72344710175,0.660267008896,3.95284707521,2.5,4.91513748391,4.62462328646,0.416666666667,0.125,0.3125,NaN,NaN,NaN,NaN,138.278548956
52,pmbm_oracle,96,NaN,NaN,3.0549833737,0.691922500675,1.02062072616,2.79508497187,4.04295901169,2.41384057786,0.177083333333,0.15625,0.0208333333333,NaN,NaN,NaN,NaN,6.80378293991
53,pmbm_broad,96,NaN,NaN,4.80346150118,0.823048637679,3.81881307913,2.79508497187,5.04198099168,4.67964501108,0.385416666667,0.15625,0.291666666667,NaN,NaN,NaN,NaN,185.340447903
53,pmbm_oracle,96,NaN,NaN,3.68440167441,0.744299916071,1.44337567297,3.30718913883,4.20872449359,3.39198210728,0.260416666667,0.21875,0.0416666666667,NaN,NaN,NaN,NaN,8.97788786888
54,pmbm_broad,96,NaN,NaN,4.34769870756,0.820559190438,3.53553390593,2.39356776939,4.21046787214,4.41471473895,0.364583333333,0.114583333333,0.25,NaN,NaN,NaN,NaN,191.40317893
54,pmbm_oracle,96,NaN,NaN,3.07540319708,0.777134581613,0.721687836487,2.88675134595,2.59994160968,3.2874471935,0.15625,0.166666666667,0.0104166666667,NaN,NaN,NaN,NaN,5.8482298851
55,pmbm_broad,96,NaN,NaN,4.73268125848,0.723375348212,4.14578098794,2.16506350946,4.71607027851,4.74096492348,0.4375,0.09375,0.34375,NaN,NaN,NaN,NaN,211.852716923
55,pmbm_oracle,96,NaN,NaN,2.985064157,0.759785948834,1.61374306092,2.39356776939,3.15676704713,2.89539685313,0.166666666667,0.114583333333,0.0520833333333,NaN,NaN,NaN,NaN,6.31976103783
56,pmbm_broad,96,NaN,NaN,4.92760027637,0.918555650839,4.01818781708,2.70030862434,3.84611927256,5.38753654244,0.427083333333,0.145833333333,0.322916666667,NaN,NaN,NaN,NaN,226.958878994
56,pmbm_oracle,96,NaN,NaN,3.08376823957,0.809604773156,1.25,2.70030862434,1.90908990851,3.52734003091,0.177083333333,0.145833333333,0.03125,NaN,NaN,NaN,NaN,6.42698097229
57,pmbm_broad,96,NaN,NaN,4.8919161115,0.702383970464,3.81881307913,2.97559517856,5.05635301808,4.80758899462,0.40625,0.177083333333,0.291666666667,NaN,NaN,NaN,NaN,218.503571033
57,pmbm_oracle,96,NaN,NaN,3.29986567583,0.687347664456,1.25,2.97559517856,3.15085085903,3.37190445443,0.208333333333,0.177083333333,0.03125,NaN,NaN,NaN,NaN,6.53177189827
58,pmbm_broad,96,NaN,NaN,5.03747978674,0.613353569988,3.95284707521,3.06186217848,4.54832684327,5.26504181998,0.458333333333,0.1875,0.3125,NaN,NaN,NaN,NaN,247.121605873
58,pmbm_oracle,96,NaN,NaN,3.21042926629,0.641110552494,1.02062072616,2.97559517856,3.36590676483,3.12979551025,0.197916666667,0.177083333333,0.0208333333333,NaN,NaN,NaN,NaN,6.08559298515
59,pmbm_broad,96,NaN,NaN,4.46929775719,0.838921396251,3.60843918244,2.5,4.21543802112,4.59096665297,0.364583333333,0.125,0.260416666667,NaN,NaN,NaN,NaN,243.268491983
59,pmbm_oracle,96,NaN,NaN,2.71912696067,0.789188250616,0.721687836487,2.5,2.28896823521,2.9104620512,0.135416666667,0.125,0.0104166666667,NaN,NaN,NaN,NaN,6.29762291908
60,pmbm_broad,96,NaN,NaN,4.89712311779,0.737776951927,4.01818781708,2.70030862434,5.33662671197,4.66185906208,0.427083333333,0.145833333333,0.322916666667,NaN,NaN,NaN,NaN,129.185539007
60,pmbm_oracle,96,NaN,NaN,3.31503742072,0.756839767805,1.44337567297,2.88675134595,3.59198970224,3.16749343183,0.208333333333,0.166666666667,0.0416666666667,NaN,NaN,NaN,NaN,7.11694002151
61,pmbm_broad,96,NaN,NaN,4.62000007248,0.714889737209,3.75,2.60208249933,4.5856666781,4.63707144254,0.354166666667,0.135416666667,0.28125,NaN,NaN,NaN,NaN,154.520022869
61,pmbm_oracle,96,NaN,NaN,3.04882597563,0.66420867429,0.721687836487,2.88675134595,2.88262139659,3.12861897432,0.177083333333,0.166666666667,0.0104166666667,NaN,NaN,NaN,NaN,6.65963697433
62,pmbm_broad,96,NaN,NaN,4.69637444028,0.83771487791,3.88640793879,2.5,4.36819295671,4.85214843873,0.427083333333,0.125,0.302083333333,NaN,NaN,NaN,NaN,111.517910004
62,pmbm_oracle,96,NaN,NaN,3.33219355484,0.82876246311,1.44337567297,2.88675134595,3.11734505653,3.43458159456,0.208333333333,0.166666666667,0.0416666666667,NaN,NaN,NaN,NaN,6.2893679142
63,pmbm_broad,96,NaN,NaN,5.15299531168,0.715327907676,4.26956281915,2.79508497187,5.77112790652,4.81425823638,0.5,0.15625,0.364583333333,NaN,NaN,NaN,NaN,138.315862894
63,pmbm_oracle,96,NaN,NaN,3.46636163384,0.746545138105,1.44337567297,3.06186217848,2.89093918263,3.72085068042,0.229166666667,0.1875,0.0416666666667,NaN,NaN,NaN,NaN,6.62706303596
64,pmbm_broad,96,NaN,NaN,4.62619566246,0.753891884829,3.75,2.60208249933,4.38315551532,4.74304789405,0.416666666667,0.135416666667,0.28125,NaN,NaN,NaN,NaN,113.398844957
64,pmbm_oracle,96,NaN,NaN,2.80435001215,0.756777592167,1.25,2.39356776939,1.91100617774,3.15762508546,0.145833333333,0.114583333333,0.03125,NaN,NaN,NaN,NaN,6.5441160202
65,pmbm_broad,96,NaN,NaN,5.15106917155,0.701318004516,4.26956281915,2.79508497187,4.38825987805,5.49289159155,0.479166666667,0.15625,0.364583333333,NaN,NaN,NaN,NaN,196.364873886
65,pmbm_oracle,96,NaN,NaN,3.39017973242,0.745532439359,1.44337567297,2.97559517856,2.89066475503,3.61413980972,0.21875,0.177083333333,0.0416666666667,NaN,NaN,NaN,NaN,7.01512598991
66,pmbm_broad,96,NaN,NaN,4.84235755773,0.729218794508,3.88640793879,2.79508497187,4.39317668857,5.05199360321,0.375,0.15625,0.302083333333,NaN,NaN,NaN,NaN,201.885612011
66,pmbm_oracle,96,NaN,NaN,3.38872425268,0.738885688535,1.25,3.06186217848,2.60389562797,3.71954861111,0.21875,0.1875,0.03125,NaN,NaN,NaN,NaN,6.54959988594
67,pmbm_broad,96,NaN,NaN,4.6599039217,0.938813733451,3.46109327622,2.97559517856,4.49288484208,4.74120762434,0.354166666667,0.177083333333,0.239583333333,NaN,NaN,NaN,NaN,221.434592962
67,pmbm_oracle,96,NaN,NaN,3.47296504924,0.776629190733,1.02062072616,3.22748612184,2.6205119876,3.82866658398,0.229166666667,0.208333333333,0.0208333333333,NaN,NaN,NaN,NaN,7.02880907059
68,pmbm_broad,96,NaN,NaN,4.95076518053,0.742793739468,4.20812705765,2.5,4.73956167339,5.05305762694,0.479166666667,0.125,0.354166666667,NaN,NaN,NaN,NaN,202.829633951
68,pmbm_oracle,96,NaN,NaN,3.4760348212,0.790243471888,1.44337567297,3.06186217848,2.90846436408,3.72755209739,0.229166666667,0.1875,0.0416666666667,NaN,NaN,NaN,NaN,6.44751405716
69,pmbm_broad,96,NaN,NaN,4.61788083228,0.701063511943,3.75,2.60208249933,4.72412551763,4.56383107909,0.416666666667,0.135416666667,0.28125,NaN,NaN,NaN,NaN,206.157464027
69,pmbm_oracle,96,NaN,NaN,3.14051613863,0.698456596348,1.25,2.79508497187,3.37793690623,3.01480240716,0.1875,0.15625,0.03125,NaN,NaN,NaN,NaN,7.05620384216
70,pmbm_broad,96,NaN,NaN,4.45757892481,0.774064944014,3.67990036097,2.39356776939,4.37692285015,4.4973645603,0.364583333333,0.114583333333,0.270833333333,NaN,NaN,NaN,NaN,150.821348906
70,pmbm_oracle,96,NaN,NaN,3.15926348747,0.778425194406,1.02062072616,2.88675134595,3.5988296121,2.91472664009,0.1875,0.166666666667,0.0208333333333,NaN,NaN,NaN,NaN,6.95603108406
71,pmbm_broad,96,NaN,NaN,4.30746207919,0.919726171399,3.46109327622,2.39356776939,4.42833050258,4.24573772453,0.333333333333,0.114583333333,0.239583333333,NaN,NaN,NaN,NaN,168.311513901
71,pmbm_oracle,96,NaN,NaN,2.9965156004,0.803599657854,1.02062072616,2.70030862434,2.917192464,3.03539992079,0.166666666667,0.145833333333,0.0208333333333,NaN,NaN,NaN,NaN,7.0715110302
72,pmbm_broad,96,NaN,NaN,4.67428521204,0.703402855287,3.75,2.70030862434,4.54507415839,4.73756939924,0.427083333333,0.145833333333,0.28125,NaN,NaN,NaN,NaN,130.59295702
72,pmbm_oracle,96,NaN,NaN,3.14712765038,0.727607344506,1.44337567297,2.70030862434,2.87194323273,3.27606314128,0.1875,0.145833333333,0.0416666666667,NaN,NaN,NaN,NaN,6.75831007957
73,pmbm_broad,96,NaN,NaN,4.29405841928,0.85475398498,3.53553390593,2.28217732294,4.07406563204,4.3999319512,0.3125,0.104166666667,0.25,NaN,NaN,NaN,NaN,151.085273027
73,pmbm_oracle,96,NaN,NaN,3.31657826204,0.763560542176,1.02062072616,3.06186217848,2.879912474,3.51462503311,0.208333333333,0.1875,0.0208333333333,NaN,NaN,NaN,NaN,7.31558895111
74,pmbm_broad,96,NaN,NaN,5.25122701258,0.701464043494,4.26956281915,2.97559517856,4.89149151833,5.42215206994,0.5,0.177083333333,0.364583333333,NaN,NaN,NaN,NaN,210.330492973
74,pmbm_oracle,96,NaN,NaN,3.53366012572,0.712451554445,1.90940653956,2.88675134595,3.38568756945,3.6053696991,0.239583333333,0.166666666667,0.0729166666667,NaN,NaN,NaN,NaN,5.40589404106
75,pmbm_broad,96,NaN,NaN,4.40462930146,0.806696524889,3.60843918244,2.39356776939,4.36937553903,4.42215079168,0.354166666667,0.114583333333,0.260416666667,NaN,NaN,NaN,NaN,205.28927803
75,pmbm_oracle,96,NaN,NaN,2.72710654868,0.816257799059,0.721687836487,2.5,2.26359029364,2.93150894303,0.114583333333,0.125,0.0104166666667,NaN,NaN,NaN,NaN,6.17579984665
76,pmbm_broad,96,NaN,NaN,4.63788175186,0.822565383983,3.95284707521,2.28217732294,4.93087546579,4.48421166838,0.416666666667,0.104166666667,0.3125,NaN,NaN,NaN,NaN,230.37793088
76,pmbm_oracle,96,NaN,NaN,2.81023263535,0.778293516703,1.25,2.39356776939,2.93999054742,2.74305285909,0.145833333333,0.114583333333,0.03125,NaN,NaN,NaN,NaN,6.13438391685
77,pmbm_broad,96,NaN,NaN,4.39048691598,0.725517304661,3.67990036097,2.28217732294,4.00473750122,4.57117072665,0.375,0.104166666667,0.270833333333,NaN,NaN,NaN,NaN,255.889737844
77,pmbm_oracle,96,NaN,NaN,2.77986328359,0.660282673411,1.02062072616,2.5,1.86500782076,3.13884257768,0.145833333333,0.125,0.0208333333333,NaN,NaN,NaN,NaN,6.95061993599
78,pmbm_broad,96,NaN,NaN,4.74598334169,0.805827450252,3.81881307913,2.70030862434,4.74680164857,4.74557413533,0.416666666667,0.145833333333,0.291666666667,NaN,NaN,NaN,NaN,303.980872869
78,pmbm_oracle,96,NaN,NaN,3.32622764003,0.804439958361,1.61374306092,2.79508497187,2.9115829847,3.51525642472,0.208333333333,0.15625,0.0520833333333,NaN,NaN,NaN,NaN,6.81743097305
79,pmbm_broad,96,NaN,NaN,4.79424357586,0.76742304585,3.88640793879,2.70030862434,4.5584836405,4.90787842622,0.427083333333,0.145833333333,0.302083333333,NaN,NaN,NaN,NaN,242.495409966
79,pmbm_oracle,96,NaN,NaN,3.47648648154,0.79222782266,1.44337567297,3.06186217848,2.59223864495,3.84305695876,0.229166666667,0.1875,0.0416666666667,NaN,NaN,NaN,NaN,6.89306402206
80,pmbm_broad,96,NaN,NaN,4.79146581292,0.749874191453,4.01818781708,2.5,4.39791157556,4.97658556053,0.40625,0.125,0.322916666667,NaN,NaN,NaN,NaN,123.096151114
80,pmbm_oracle,96,NaN,NaN,3.75251992139,0.734669377181,1.76776695297,3.22748612184,4.19574377839,3.50998229535,0.229166666667,0.208333333333,0.0625,NaN,NaN,NaN,NaN,5.35453891754
81,pmbm_broad,96,NaN,NaN,4.68672062731,0.781782304579,4.08248290464,2.16506350946,5.05737484627,4.4899337623,0.40625,0.09375,0.333333333333,NaN,NaN,NaN,NaN,152.387017965
81,pmbm_oracle,96,NaN,NaN,3.16344563674,0.79522845559,1.61374306092,2.60208249933,3.41003546324,3.03264101314,0.1875,0.135416666667,0.0520833333333,NaN,NaN,NaN,NaN,6.7761900425
82,pmbm_broad,96,NaN,NaN,4.89690169203,0.736305766275,4.38985573036,2.04124145232,5.03361779058,4.82709179956,0.427083333333,0.0833333333333,0.385416666667,NaN,NaN,NaN,NaN,162.389904976
82,pmbm_oracle,96,NaN,NaN,3.31804941506,0.76992548609,1.76776695297,2.70030862434,2.85755595481,3.52581407107,0.208333333333,0.145833333333,0.0625,NaN,NaN,NaN,NaN,7.38958907127
83,pmbm_broad,96,NaN,NaN,4.67468579975,0.706059954741,3.88640793879,2.5,4.21653417648,4.88768357802,0.427083333333,0.125,0.302083333333,NaN,NaN,NaN,NaN,182.474746943
83,pmbm_oracle,96,NaN,NaN,2.60618844875,0.736354690628,1.25,2.16506350946,2.61266462655,2.60294431754,0.125,0.09375,0.03125,NaN,NaN,NaN,NaN,5.92051196098
84,pmbm_broad,96,NaN,NaN,4.80122756058,0.809909102991,3.81881307913,2.79508497187,4.57946589776,4.90835259311,0.40625,0.15625,0.291666666667,NaN,NaN,NaN,NaN,193.419497013
84,pmbm_oracle,96,NaN,NaN,3.5545437158,0.809700167262,1.25,3.22748612184,2.89598912531,3.84171771924,0.21875,0.208333333333,0.03125,NaN,NaN,NaN,NaN,7.37133693695
85,pmbm_broad,96,NaN,NaN,4.72824997257,0.693792334255,3.88640793879,2.60208249933,4.73443486244,4.72515449179,0.4375,0.135416666667,0.302083333333,NaN,NaN,NaN,NaN,261.879380941
85,pmbm_oracle,96,NaN,NaN,3.30178369808,0.696497611069,1.61374306092,2.79508497187,2.88573246557,3.49126588101,0.208333333333,0.15625,0.0520833333333,NaN,NaN,NaN,NaN,6.40809082985
86,pmbm_broad,96,NaN,NaN,4.7976037821,0.788142573815,3.88640793879,2.70030862434,4.40875690625,4.98065601561,0.427083333333,0.145833333333,0.302083333333,NaN,NaN,NaN,NaN,224.379289865
86,pmbm_oracle,96,NaN,NaN,3.45861111016,0.709688296352,1.76776695297,2.88675134595,2.62365328445,3.80804515972,0.208333333333,0.166666666667,0.0625,NaN,NaN,NaN,NaN,6.4351041317
87,pmbm_broad,96,NaN,NaN,5.58609424969,0.689407208948,4.62105687767,3.06186217848,5.04017309026,5.83994872064,0.53125,0.1875,0.427083333333,NaN,NaN,NaN,NaN,246.31395793
87,pmbm_oracle,96,NaN,NaN,4.03937141921,0.831577694714,2.39356776939,3.14576434803,4.06949244175,4.02422636376,0.291666666667,0.197916666667,0.114583333333,NaN,NaN,NaN,NaN,5.67535591125
88,pmbm_broad,96,NaN,NaN,4.57561250331,0.789765649079,3.75,2.5,4.38351110968,4.66870001675,0.40625,0.125,0.28125,NaN,NaN,NaN,NaN,247.079864025
88,pmbm_oracle,96,NaN,NaN,3.31923509516,0.775019322515,1.25,2.97559517856,3.6055523887,3.16638254347,0.208333333333,0.177083333333,0.03125,NaN,NaN,NaN,NaN,7.20023107529
89,pmbm_broad,96,NaN,NaN,4.84523279013,0.748073608572,4.01818781708,2.60208249933,4.92569886292,4.80449441062,0.458333333333,0.135416666667,0.322916666667,NaN,NaN,NaN,NaN,214.081343174
89,pmbm_oracle,96,NaN,NaN,3.38250359883,0.709810253605,1.44337567297,2.97559517856,3.15535277308,3.49054012051,0.21875,0.177083333333,0.0416666666667,NaN,NaN,NaN,NaN,5.74358510971
90,pmbm_broad,96,NaN,NaN,4.9047323725,0.786701751554,4.20812705765,2.39356776939,5.51599018978,4.56853648141,0.427083333333,0.114583333333,0.354166666667,NaN,NaN,NaN,NaN,132.062735081
90,pmbm_oracle,96,NaN,NaN,3.2597086673,1.11834726078,1.25,2.79508497187,2.92298138835,3.41564646812,0.1875,0.15625,0.03125,NaN,NaN,NaN,NaN,6.66685581207
91,pmbm_broad,96,NaN,NaN,4.66898417691,1.21939052165,4.01818781708,2.04124145232,4.36871054714,4.81209974378,0.385416666667,0.0833333333333,0.322916666667,NaN,NaN,NaN,NaN,131.800210953
91,pmbm_oracle,96,NaN,NaN,2.88495072267,0.714451308513,1.61374306092,2.28217732294,2.62047643138,3.008481784,0.15625,0.104166666667,0.0520833333333,NaN,NaN,NaN,NaN,6.53827691078
92,pmbm_broad,96,NaN,NaN,4.63539727475,0.808439584281,3.81881307913,2.5,4.55395827905,4.67558486593,0.395833333333,0.125,0.291666666667,NaN,NaN,NaN,NaN,134.488114834
92,pmbm_oracle,96,NaN,NaN,2.96120387342,0.659844714025,1.25,2.60208249933,2.86380207736,3.00872255298,0.166666666667,0.135416666667,0.03125,NaN,NaN,NaN,NaN,7.91753292084
93,pmbm_broad,96,NaN,NaN,4.73483806994,0.7373544253,3.75,2.79508497187,4.58790354027,4.80662125358,0.416666666667,0.15625,0.28125,NaN,NaN,NaN,NaN,199.32602787
93,pmbm_oracle,96,NaN,NaN,3.23150880526,0.739469962318,1.02062072616,2.97559517856,3.1561093629,3.26855634531,0.197916666667,0.177083333333,0.0208333333333,NaN,NaN,NaN,NaN,7.58014798164
94,pmbm_broad,96,NaN,NaN,4.33607695884,0.756569049294,3.67990036097,2.16506350946,4.40231842598,4.3025738027,0.364583333333,0.09375,0.270833333333,NaN,NaN,NaN,NaN,168.864165068
94,pmbm_oracle,96,NaN,NaN,2.60809128001,0.743061319711,0.721687836487,2.39356776939,2.89135066432,2.45423223335,0.125,0.114583333333,0.0104166666667,NaN,NaN,NaN,NaN,7.54488897324
95,pmbm_broad,96,NaN,NaN,4.67199208451,0.687999542887,4.08248290464,2.16506350946,4.3718699345,4.81504327026,0.385416666667,0.09375,0.333333333333,NaN,NaN,NaN,NaN,188.214559078
95,pmbm_oracle,96,NaN,NaN,3.1405656314,0.698679100274,1.90940653956,2.39356776939,2.86600886379,3.2692086694,0.166666666667,0.114583333333,0.0729166666667,NaN,NaN,NaN,NaN,5.87104606628
96,pmbm_broad,96,NaN,NaN,4.70091916666,0.86282926747,3.88640793879,2.5,4.24004118508,4.91517923291,0.427083333333,0.125,0.302083333333,NaN,NaN,NaN,NaN,202.217608929
96,pmbm_oracle,96,NaN,NaN,2.7484732576,0.885026504921,0.721687836487,2.5,2.34393158626,2.92987205029,0.135416666667,0.125,0.0104166666667,NaN,NaN,NaN,NaN,6.26901388168
97,pmbm_broad,96,NaN,NaN,4.80181642744,0.813392690805,3.88640793879,2.70030862434,4.56749664943,4.91478877297,0.427083333333,0.145833333333,0.302083333333,NaN,NaN,NaN,NaN,204.220574141
97,pmbm_oracle,96,NaN,NaN,2.90212394829,0.780911910046,0.721687836487,2.70030862434,3.14747392876,2.77131540081,0.15625,0.145833333333,0.0104166666667,NaN,NaN,NaN,NaN,7.2462990284
98,pmbm_broad,96,NaN,NaN,4.6178413693,0.700803523595,3.81881307913,2.5,4.86644273345,4.48838010078,0.395833333333,0.125,0.291666666667,NaN,NaN,NaN,NaN,235.726418972
98,pmbm_oracle,96,NaN,NaN,2.79655879292,0.727375017152,1.02062072616,2.5,2.59453686484,2.89228298267,0.145833333333,0.125,0.0208333333333,NaN,NaN,NaN,NaN,6.26476502419
99,pmbm_broad,96,NaN,NaN,4.90892336075,0.812421418811,3.75,3.06186217848,5.20733747012,4.75269513842,0.40625,0.1875,0.28125,NaN,NaN,NaN,NaN,233.210109949
99,pmbm_oracle,96,NaN,NaN,3.16292329608,0.79314801701,1.02062072616,2.88675134595,2.60499061895,3.40780539393,0.1875,0.166666666667,0.0208333333333,NaN,NaN,NaN,NaN,6.14212989807
