seed,alpha,rms_gospa,rms_missed,rms_false,final_birth_atoms,spurious_birth_atoms,birth_region_error
0,1.0,7.0189307900024005,6.692657668420421,2.041241452319315,2,0,18.813154726184226
0,2.0,7.0189307900024005,6.692657668420421,2.041241452319315,2,0,18.813154726184226
0,5.0,4.745748796557012,3.75,2.7950849718747373,5,0,1.416707089134855
0,10.0,4.410168889643392,3.1457643480294792,2.886751345948129,7,0,1.4845646730044104
0,20.0,4.528675206451863,3.227486121839514,2.9755951785595207,7,0,1.5261390012396185
1,1.0,6.9431453715404094,6.653633092779714,1.9094065395649333,1,0,25.652204316603253
1,2.0,7.089677616594422,6.7700320038633,2.041241452319315,2,0,16.9015218590239
1,5.0,4.027958328023568,2.7950849718747373,2.6020824993326657,4,0,1.4082314683570032
1,10.0,4.055996554585553,2.6020824993326657,2.9755951785595207,6,0,1.0405104884566603
1,20.0,4.18537729039325,2.6020824993326657,3.1457643480294792,10,0,1.1854313349449321
2,1.0,9.202170720477172,9.128709291752768,1.0206207261596576,4,0,19.137759819938502
2,2.0,7.1372194315886075,6.884463184107628,1.7677669529663689,2,0,19.365704472893444
2,5.0,4.525279696777017,3.75,2.3935677693908453,6,0,1.5692554227867659
2,10.0,3.8967737269666443,3.0618621784789726,2.282177322938192,5,0,1.0507974793318948
2,20.0,4.217702235322473,3.0618621784789726,2.7950849718747373,9,0,1.0507974793318948
3,1.0,7.208057710374501,6.959705453537527,1.7677669529663689,1,0,25.530619460589087
3,2.0,5.166369793104442,4.621056877670591,2.165063509461097,2,0,2.540151762120188
3,5.0,4.170126382536603,2.9755951785595207,2.7950849718747373,6,0,0.6702439694132069
3,10.0,3.900643847266653,2.6020824993326657,2.7950849718747373,6,0,0.6250129852956987
3,20.0,4.159285382128924,2.7003086243366083,3.0618621784789726,7,0,0.6704407474400039
4,1.0,6.917600021057809,6.653633092779714,1.7677669529663689,1,0,25.500662579231975
4,2.0,6.957256583073215,6.653633092779714,1.9094065395649333,2,0,22.63246706832597
4,5.0,4.251094814378418,3.0618621784789726,2.7950849718747373,6,0,1.9505858919209147
4,10.0,4.311918419238519,3.0618621784789726,2.886751345948129,7,0,1.9505858919209147
4,20.0,4.601335055424619,3.0618621784789726,3.307189138830738,11,0,1.9505858919209147
5,1.0,7.217920604022989,6.922186552431729,1.9094065395649333,1,0,25.495099618201422
5,2.0,7.253910061429831,6.922186552431729,2.041241452319315,2,0,18.569185498376818
5,5.0,4.657414520727611,3.679900360969936,2.7003086243366083,4,0,2.0653990008199052
5,10.0,4.70735243658461,3.608439182435161,2.886751345948129,5,0,2.20006624146657
5,20.0,5.067767197396808,3.608439182435161,3.4610932762158644,10,0,2.20006624146657
6,1.0,6.955773685507013,6.692657668420421,1.7677669529663689,1,0,25.550971207366167
6,2.0,4.346923198376615,3.5355339059327378,2.3935677693908453,2,0,1.3814131661347382
6,5.0,3.9719462187379233,2.9755951785595207,2.5,3,0,1.0099396439751667
6,10.0,4.281879235133671,3.227486121839514,2.7003086243366083,5,0,1.4995542036033123
6,20.0,4.2840351443129405,2.9755951785595207,2.9755951785595207,8,0,1.1939509821517835
7,1.0,7.134340449472885,6.959705453537527,1.4433756729740645,1,0,25.548310001395325
7,2.0,4.4704743083804095,3.886407938787006,2.041241452319315,2,0,2.150376780293992
7,5.0,4.580467577584809,4.018187817080398,2.041241452319315,3,0,2.0489548310290835
7,10.0,4.709097550313721,3.952847075210474,2.3935677693908453,6,0,2.0489548310290835
7,20.0,4.651286548161334,3.679900360969936,2.7003086243366083,9,0,0.9321195734006911
8,1.0,6.980867892424234,6.73145600891813,1.7677669529663689,3,0,13.890576503010884
8,2.0,6.980867892424234,6.73145600891813,1.7677669529663689,3,0,13.890576503010884
8,5.0,4.397890541840941,3.679900360969936,2.282177322938192,4,0,1.0390049712791072
8,10.0,4.504452187566478,3.75,2.3935677693908453,5,0,1.1287821528286723
8,20.0,4.733130309138151,3.4610932762158644,3.1457643480294792,11,0,1.1287821528286723
9,1.0,6.979194038502443,6.653633092779714,2.041241452319315,3,0,1.802442538039692
9,2.0,6.979194038502443,6.653633092779714,2.041241452319315,3,0,1.802442538039692
9,5.0,5.237963723014286,4.269562819149833,2.7950849718747373,8,1,1.4895480352170627
9,10.0,5.26092905582703,4.208127057650866,3.0618621784789726,11,1,1.4895480352170627
9,20.0,5.360379987531858,4.14578098794425,3.307189138830738,14,1,1.4895480352170627
10,1.0,7.126795990117158,6.653633092779714,2.5,1,0,25.62360126078573
10,2.0,5.119705748357483,4.018187817080398,3.0618621784789726,2,0,2.4278663392104063
10,5.0,4.3363212250213365,2.9755951785595207,3.0618621784789726,2,0,1.0972235292254489
10,10.0,4.366808204059845,3.0618621784789726,2.9755951785595207,6,0,1.1118844030449984
10,20.0,4.601290436581461,3.0618621784789726,3.307189138830738,9,0,1.0303958149460841
11,1.0,7.6216966876395205,7.465197027987049,1.4433756729740645,1,0,25.53211399182306
11,2.0,6.088554651727789,5.636562191028617,2.165063509461097,2,1,3.8213676981206137
11,5.0,6.088554651727789,5.636562191028617,2.165063509461097,2,1,3.8213676981206137
11,10.0,4.883281725732936,4.018187817080398,2.6020824993326657,6,1,1.1506860815317488
11,20.0,4.861784440189971,3.75,2.7950849718747373,13,0,1.2647560668242717
12,1.0,6.940683796308441,6.653633092779714,1.9094065395649333,2,0,17.20224662056753
12,2.0,6.937317961970991,6.653633092779714,1.9094065395649333,2,0,17.257993155871272
12,5.0,3.7573582183622727,2.7003086243366083,2.5,3,0,1.297446336531718
12,10.0,3.959828377732362,2.7003086243366083,2.7950849718747373,6,0,1.297446336531718
12,20.0,4.27602706349728,2.7003086243366083,3.227486121839514,9,0,1.297446336531718
13,1.0,6.994733209606299,6.73145600891813,1.7677669529663689,2,0,25.497712897790628
13,2.0,6.294670846917857,5.863019699779287,2.165063509461097,3,0,1.0982752572391927
13,5.0,4.1020154744232595,3.1457643480294792,2.5,4,0,1.3619781805399032
13,10.0,4.520265386111682,3.38501600193165,2.886751345948129,6,0,1.256996533709942
13,20.0,4.91447460080018,3.5355339059327378,3.307189138830738,12,0,1.3459707725228593
14,1.0,7.2106120567307075,7.034142923389221,1.4433756729740645,1,0,25.495750580717317
14,2.0,5.748941492067125,5.153882032022076,2.282177322938192,2,1,2.8460729768055852
14,5.0,4.243896050948589,3.4610932762158644,2.282177322938192,5,0,1.3720660963027602
14,10.0,4.7111700561569325,3.8188130791298667,2.6020824993326657,7,0,2.0087931739504943
14,20.0,5.083623094540114,3.75,3.307189138830738,13,0,2.0087931739504943
15,1.0,6.874864168705505,6.653633092779714,1.613743060919757,1,0,25.537797852036604
15,2.0,5.221484005820574,4.732423621500228,2.041241452319315,3,1,3.674218742220056
15,5.0,5.417181475679434,4.732423621500228,2.5,5,1,3.674218742220056
15,10.0,4.336737727589208,3.307189138830738,2.7003086243366083,7,0,1.1934910513955128
15,20.0,4.513290830192046,3.307189138830738,2.9755951785595207,10,0,1.1934910513955128
16,1.0,7.455929234430897,7.0710678118654755,2.282177322938192,2,0,25.020395760491837
16,2.0,7.382872636658059,7.034142923389221,2.165063509461097,2,0,25.061706810516156
16,5.0,7.368102667410859,6.7700320038633,2.7950849718747373,8,2,6.458850900811315
16,10.0,5.32488284839276,4.14578098794425,3.227486121839514,8,0,1.959631573239676
16,20.0,5.314989366453088,3.8188130791298667,3.608439182435161,11,1,1.7893240711021061
17,1.0,6.999579277161737,6.73145600891813,1.7677669529663689,2,0,14.26508708001289
17,2.0,6.999579277161737,6.73145600891813,1.7677669529663689,2,0,14.26508708001289
17,5.0,5.299037232941455,4.564354645876384,2.5,5,1,3.256846826664566
17,10.0,4.191764677972094,3.1457643480294792,2.6020824993326657,6,0,1.8310473440111172
17,20.0,4.430599690354188,2.9755951785595207,3.1457643480294792,10,0,1.7663480247115326
18,1.0,7.025738864468891,6.7700320038633,1.7677669529663689,1,0,25.53572314384804
18,2.0,4.542772895676392,3.8188130791298667,2.282177322938192,3,0,2.743829996956407
18,5.0,5.271086659305141,4.677071733467427,2.282177322938192,3,0,1.4946841534196742
18,10.0,5.368986984205801,4.677071733467427,2.5,5,0,1.4946841534196742
18,20.0,4.653598526474036,3.608439182435161,2.7950849718747373,10,1,0.9989151109417814
19,1.0,7.017442147459393,6.7700320038633,1.7677669529663689,1,0,25.5088494338267
19,2.0,4.8705056198228025,4.14578098794425,2.3935677693908453,2,0,2.0406512083028536
19,5.0,4.278397768660437,3.4610932762158644,2.3935677693908453,2,0,1.4976569089478446
19,10.0,4.2140561437866655,3.307189138830738,2.5,3,0,1.5021980631806802
19,20.0,4.395539691890649,3.307189138830738,2.7950849718747373,6,0,1.5021980631806802
20,1.0,7.210772663900025,6.846531968814577,2.165063509461097,4,0,4.27240185978327
20,2.0,7.210772663900025,6.846531968814577,2.165063509461097,4,0,4.27240185978327
20,5.0,4.88164153890058,4.018187817080398,2.6020824993326657,6,0,1.7430550080196112
20,10.0,4.508973904937947,3.38501600193165,2.7950849718747373,8,0,1.4924021779013181
20,20.0,4.622865531717078,3.38501600193165,2.9755951785595207,11,0,1.1543799561417414
21,1.0,7.313948550382873,7.0710678118654755,1.7677669529663689,4,2,8.24159246949332
21,2.0,5.355358567447496,4.841229182759271,2.165063509461097,4,1,3.0447119568896475
21,5.0,4.559882521068273,3.952847075210474,2.165063509461097,3,0,1.7393421365616368
21,10.0,4.7281104688811935,3.952847075210474,2.5,4,0,1.7393421365616368
21,20.0,4.7360656508367605,3.608439182435161,2.886751345948129,10,0,1.5352886216950976
22,1.0,7.026193325475633,6.73145600891813,1.9094065395649333,2,0,24.06684797191928
22,2.0,4.96621107593578,4.14578098794425,2.6020824993326657,4,1,2.556493597794736
22,5.0,4.123923435481897,2.9755951785595207,2.7003086243366083,5,0,1.1858224619673372
22,10.0,4.545639179409123,2.9755951785595207,3.307189138830738,11,0,1.140922329849372
22,20.0,4.658809098476338,2.9755951785595207,3.4610932762158644,13,0,1.140922329849372
23,1.0,6.981595108905335,6.884463184107628,1.0206207261596576,1,0,25.501295664668568
23,2.0,4.360715221921739,3.8188130791298667,1.9094065395649333,2,0,2.0055338849505637
23,5.0,4.459618530716297,3.952847075210474,1.9094065395649333,4,0,1.7547986253382588
23,10.0,4.747946966765463,3.952847075210474,2.5,8,0,1.7547986253382588
23,20.0,4.530513443318745,3.4610932762158644,2.7950849718747373,11,0,1.657873164236145
24,1.0,6.908452206156955,6.653633092779714,1.7677669529663689,3,0,25.495466494698377
24,2.0,6.946045293408921,6.653633092779714,1.9094065395649333,3,0,25.495466494698377
24,5.0,4.285092785436083,3.1457643480294792,2.7950849718747373,4,0,1.0909213194032987
24,10.0,4.284813055849261,2.886751345948129,3.0618621784789726,6,0,1.1062584053170639
24,20.0,4.463420540748572,2.886751345948129,3.307189138830738,9,0,1.1062584053170639
25,1.0,6.954844615330252,6.808389432653413,1.25,3,0,11.280549178959578
25,2.0,6.954844615330252,6.808389432653413,1.25,3,0,11.280549178959578
25,5.0,4.627024481965259,3.952847075210474,2.041241452319315,10,1,1.213836454465673
25,10.0,3.9092715646558918,2.9755951785595207,2.3935677693908453,7,0,1.3625199456964383
25,20.0,3.983484875518941,2.7950849718747373,2.7003086243366083,9,0,1.506483946733087
26,1.0,6.91077044266864,6.692657668420421,1.613743060919757,2,0,24.855307981250235
26,2.0,4.1661890310246035,3.1457643480294792,2.6020824993326657,4,0,1.3860293608452903
26,5.0,4.106229973315913,2.886751345948129,2.7950849718747373,6,0,0.9905690302858384
26,10.0,4.29227499046345,2.886751345948129,3.0618621784789726,7,0,0.9905690302858384
26,20.0,4.528845225535049,2.9755951785595207,3.307189138830738,10,1,1.1130959566848218
27,1.0,7.1027314137000666,6.7700320038633,2.041241452319315,2,0,6.2533194346241645
27,2.0,7.1027314137000666,6.7700320038633,2.041241452319315,2,0,6.2533194346241645
27,5.0,4.416939658167779,3.4610932762158644,2.6020824993326657,3,0,1.7653250880347051
27,10.0,4.420611886767385,3.307189138830738,2.7950849718747373,6,0,1.0882621816584228
27,20.0,4.351686896504706,3.307189138830738,2.7003086243366083,6,0,1.0702401392080265
28,1.0,7.376038284918119,7.180703308172536,1.613743060919757,1,0,25.499124760788078
28,2.0,7.198576265596052,6.959705453537527,1.7677669529663689,3,0,15.106932165471383
28,5.0,7.341854914456982,6.959705453537527,2.282177322938192,5,0,13.34721684449477
28,10.0,4.898944497121618,4.018187817080398,2.7003086243366083,8,0,1.0512611912107725
28,20.0,5.107150919956401,4.018187817080398,3.0618621784789726,11,0,1.0512611912107725
29,1.0,7.456697706813267,7.252872993970504,1.613743060919757,1,0,25.49640694072237
29,2.0,5.641416153188557,4.841229182759271,2.7003086243366083,3,0,3.237875839621692
29,5.0,4.987360881665194,3.8188130791298667,3.0618621784789726,5,0,2.361303031041305
29,10.0,5.057114657288516,3.8188130791298667,3.1457643480294792,7,0,2.533402662400282
29,20.0,5.191313083570899,3.8188130791298667,3.38501600193165,11,0,1.8098012848793033
30,1.0,6.9779539757983455,6.73145600891813,1.7677669529663689,1,0,25.56199917214793
30,2.0,7.052198831217581,6.73145600891813,2.041241452319315,2,0,22.573740159260964
30,5.0,3.7629051155699322,2.7950849718747373,2.3935677693908453,4,0,1.220810076214235
30,10.0,4.0322131940430115,2.9755951785595207,2.6020824993326657,8,0,1.0590091500536412
30,20.0,4.52259074632835,3.0618621784789726,3.227486121839514,12,0,1.0680621116812639
31,1.0,7.43359447762824,7.180703308172536,1.7677669529663689,3,1,17.055723676427004
31,2.0,7.293947671693653,6.922186552431729,2.165063509461097,4,1,17.055723676427004
31,5.0,6.271271997201831,5.543389456520863,2.7950849718747373,6,2,4.184350247611323
31,10.0,5.369451543423691,4.330127018922194,2.9755951785595207,11,1,0.7847833503578727
31,20.0,5.570138022405039,4.389855730355308,3.227486121839514,13,1,0.825077597297945
32,1.0,7.425699016389084,7.216878364870322,1.613743060919757,2,0,5.394286667175492
32,2.0,7.425699016389084,7.216878364870322,1.613743060919757,2,0,5.394286667175492
32,5.0,6.221322568439075,5.5901699437494745,2.6020824993326657,6,1,2.8632082994936803
32,10.0,5.5090508920488155,4.5069390943299865,3.0618621784789726,9,1,2.147443005999653
32,20.0,5.279768145531762,3.952847075210474,3.38501600193165,13,0,1.5362739593509573
33,1.0,7.366213466805326,7.0710678118654755,1.9094065395649333,2,0,16.291193287228044
33,2.0,7.1928171970872485,6.808389432653413,2.165063509461097,3,0,7.962873504668604
33,5.0,4.616115889132042,3.679900360969936,2.6020824993326657,4,0,2.4398629005636856
33,10.0,4.5936507481716236,3.5355339059327378,2.7950849718747373,7,0,2.199634911491627
33,20.0,4.805129200200486,3.4610932762158644,3.227486121839514,9,0,2.181690704381198
34,1.0,7.25920598647712,7.034142923389221,1.613743060919757,1,0,25.50587635368939
34,2.0,5.035405317022116,4.448782605013046,2.165063509461097,2,0,2.9660170544818576
34,5.0,4.48380601749641,3.679900360969936,2.3935677693908453,4,0,1.9816355154337262
34,10.0,4.407303322917714,3.5355339059327378,2.5,6,0,1.4142660035101606
34,20.0,4.914712765729238,3.75,3.0618621784789726,12,0,1.784246980419741
35,1.0,6.940150033392569,6.73145600891813,1.613743060919757,1,0,25.522119139968687
35,2.0,6.940150033392569,6.73145600891813,1.613743060919757,1,0,25.522119139968687
35,5.0,4.461460198492966,3.5355339059327378,2.6020824993326657,7,0,0.7418163138730083
35,10.0,4.3265036817992995,3.1457643480294792,2.886751345948129,8,0,0.6043682303955142
35,20.0,4.44525598534995,3.1457643480294792,3.0618621784789726,10,0,0.6043682303955142
36,1.0,6.945018244742245,6.692657668420421,1.7677669529663689,1,0,25.543439856452647
36,2.0,5.5414449303111875,4.947642536265799,2.3935677693908453,3,1,3.9908780953075644
36,5.0,3.8327352157528574,2.886751345948129,2.3935677693908453,3,0,1.534921497961985
36,10.0,4.0314214905008505,2.886751345948129,2.7003086243366083,6,0,1.534921497961985
36,20.0,4.523400956111973,2.886751345948129,3.38501600193165,10,0,1.4336795517364915
37,1.0,7.131810439255331,6.846531968814577,1.9094065395649333,3,0,14.565375611812811
37,2.0,6.420636873916608,5.907269532815761,2.3935677693908453,5,1,2.597893345763278
37,5.0,4.279576207762538,3.307189138830738,2.6020824993326657,6,1,1.3424167471229564
37,10.0,4.334437814211025,3.227486121839514,2.7950849718747373,7,1,1.2635121416893818
37,20.0,4.390606321278553,3.0618621784789726,3.0618621784789726,10,0,1.1399940058166929
38,1.0,6.949122952338282,6.73145600891813,1.613743060919757,2,0,7.70129933654021
38,2.0,6.949122952338282,6.73145600891813,1.613743060919757,2,0,7.70129933654021
38,5.0,4.1008904214247694,3.0618621784789726,2.6020824993326657,5,0,1.0373213100610166
38,10.0,4.225987330222382,3.0618621784789726,2.7950849718747373,6,0,1.0373213100610166
38,20.0,4.465680491093538,3.0618621784789726,3.1457643480294792,9,0,1.0373213100610166
39,1.0,7.201996054235774,6.959705453537527,1.7677669529663689,2,0,24.498750849275492
39,2.0,5.99639508674501,5.448623679425842,2.3935677693908453,4,1,1.5472576954519779
39,5.0,4.513885015977182,3.5355339059327378,2.7003086243366083,4,0,0.7090836362569748
39,10.0,4.627831522876562,3.5355339059327378,2.886751345948129,6,0,0.7090836362569748
39,20.0,4.847696147394484,3.5355339059327378,3.227486121839514,10,0,0.7090836362569748
40,1.0,6.987417594800941,6.73145600891813,1.7677669529663689,1,0,25.568000775286578
40,2.0,6.093557706587982,5.7282196186948,1.9094065395649333,2,0,1.8960860526745897
40,5.0,5.422920803818898,4.7871355387816905,2.3935677693908453,5,1,1.685230314762713
40,10.0,4.651837725302357,3.608439182435161,2.7950849718747373,7,0,1.4008831383225462
40,20.0,4.531631421314639,3.307189138830738,2.9755951785595207,9,0,1.6908252235412546
41,1.0,7.730478190435299,7.534642216677136,1.4433756729740645,4,1,19.79640156924666
41,2.0,7.730478190435299,7.534642216677136,1.4433756729740645,4,1,19.79640156924666
41,5.0,5.794625044974958,5.204164998665331,2.282177322938192,5,1,1.005410373043225
41,10.0,5.624321271611096,4.841229182759271,2.6020824993326657,11,2,0.8530410752094145
41,20.0,5.674373416198465,4.732423621500228,2.886751345948129,11,3,0.8886198036070443
42,1.0,7.149243051770746,6.922186552431729,1.613743060919757,2,0,5.297534423813267
42,2.0,4.311185782386506,3.5355339059327378,2.282177322938192,2,0,1.500127054171743
42,5.0,4.766364438113532,3.886407938787006,2.5,4,0,1.7516571336830404
42,10.0,5.032136387617092,3.886407938787006,2.9755951785595207,8,0,1.7516571336830404
42,20.0,5.302687691653376,4.08248290463863,3.227486121839514,14,1,1.4273186401993063
43,1.0,6.978765135181571,6.692657668420421,1.9094065395649333,1,0,25.50478248472283
43,2.0,7.015981481258284,6.692657668420421,2.041241452319315,2,0,18.525534685517062
43,5.0,3.923501189992329,2.9755951785595207,2.3935677693908453,5,0,1.2894350748384302
43,10.0,4.051863241339004,2.9755951785595207,2.6020824993326657,8,0,1.1232120057594943
43,20.0,4.361394546837157,2.9755951785595207,3.0618621784789726,12,0,1.1232120057594943
44,1.0,6.871520976065965,6.73145600891813,1.25,1,0,25.495097832492068
44,2.0,4.939474487452779,4.448782605013046,1.7677669529663689,4,1,1.3552951162523212
44,5.0,3.9983245777386247,3.307189138830738,2.041241452319315,3,0,1.2893397741309787
44,10.0,4.126531969537546,3.307189138830738,2.282177322938192,5,0,1.2893397741309787
44,20.0,4.295761011463709,3.307189138830738,2.6020824993326657,6,0,1.2874636511143924
45,1.0,6.7893262973862125,6.614378277661476,1.4433756729740645,1,0,25.502205043142784
45,2.0,3.978850055258483,3.38501600193165,1.9094065395649333,2,0,2.0775385128189074
45,5.0,3.628033481933542,2.886751345948129,2.041241452319315,3,0,1.6246700019760363
45,10.0,3.6270343327471957,2.7950849718747373,2.165063509461097,4,0,1.1152342911279063
45,20.0,4.172990132703184,3.38501600193165,2.282177322938192,4,0,1.1767134872837646
46,1.0,6.9102806666380205,6.653633092779714,1.7677669529663689,1,0,25.516593803891173
46,2.0,4.353389719447948,3.679900360969936,2.165063509461097,2,0,1.5228466808561925
46,5.0,3.893325080187807,3.0618621784789726,2.282177322938192,3,0,1.1016052338071762
46,10.0,3.962699072418088,2.9755951785595207,2.5,4,0,1.0079019852943332
46,20.0,4.092022801159573,2.9755951785595207,2.7003086243366083,6,0,1.0079019852943332
47,1.0,7.103327380637051,6.7700320038633,2.041241452319315,1,0,25.743466787454715
47,2.0,4.246246924738453,3.227486121839514,2.6020824993326657,2,0,1.8221252589058423
47,5.0,4.119236667463214,2.9755951785595207,2.7003086243366083,3,0,1.5719362418284324
47,10.0,4.119236667463214,2.9755951785595207,2.7003086243366083,3,0,1.5719362418284324
47,20.0,4.304719586985132,2.9755951785595207,2.9755951785595207,6,0,1.5719362418284324
48,1.0,7.022805596802345,6.73145600891813,1.9094065395649333,2,0,18.998094470595678
48,2.0,4.495942736032595,3.608439182435161,2.5,3,0,1.419774660975916
48,5.0,4.863536529329495,3.8188130791298667,2.886751345948129,6,0,1.7477405084151902
48,10.0,4.36021137306069,2.9755951785595207,3.0618621784789726,8,0,1.1686623391827826
48,20.0,4.704938173639245,2.9755951785595207,3.5355339059327378,12,0,1.1686623391827826
49,1.0,7.097161646969752,6.846531968814577,1.7677669529663689,2,0,5.6373454270853385
49,2.0,5.577879406735098,4.841229182759271,2.6020824993326657,3,1,3.155951089713179
49,5.0,4.4031409414978295,3.5355339059327378,2.5,3,0,1.2222448901112093
49,10.0,4.574254570985205,3.608439182435161,2.7003086243366083,6,0,0.9866212304371665
49,20.0,4.796575675782919,3.608439182435161,3.0618621784789726,8,0,0.9866212304371665
50,1.0,7.249653553871754,6.922186552431729,2.041241452319315,6,0,21.152915776978165
50,2.0,7.249653553871754,6.922186552431729,2.041241452319315,6,0,21.152915776978165
50,5.0,4.753014263407736,3.952847075210474,2.5,5,0,1.339432602973289
50,10.0,4.698558482273955,3.5355339059327378,2.9755951785595207,8,1,1.339432602973289
50,20.0,4.8081304555944815,3.5355339059327378,3.1457643480294792,11,0,1.339432602973289
51,1.0,7.094408308471303,6.73145600891813,2.165063509461097,3,0,6.412472935932958
51,2.0,7.094408308471303,6.73145600891813,2.165063509461097,3,0,6.412472935932958
51,5.0,5.304011759414161,4.389855730355308,2.7950849718747373,6,0,1.667092437045433
51,10.0,5.080106374143437,3.75,3.307189138830738,10,1,0.9163457839184896
51,20.0,5.427090758956045,3.75,3.8188130791298667,15,1,0.9163457839184896
52,1.0,7.464095474298714,7.180703308172536,1.9094065395649333,2,0,8.106406191784574
52,2.0,7.464095474298714,7.180703308172536,1.9094065395649333,2,0,8.106406191784574
52,5.0,4.823828343969948,4.018187817080398,2.5,5,0,2.1557531630611098
52,10.0,3.966212819838686,2.9755951785595207,2.5,5,0,1.3725849777222257
52,20.0,4.094534532431158,3.0618621784789726,2.6020824993326657,5,0,1.4409082746924096
53,1.0,7.111164779720644,6.7700320038633,2.041241452319315,1,0,25.499098916732258
53,2.0,7.111164779720644,6.7700320038633,2.041241452319315,1,0,25.499098916732258
53,5.0,5.091304318272438,4.330127018922194,2.5,3,0,1.430053017975288
53,10.0,4.86651030249194,4.018187817080398,2.6020824993326657,4,0,1.0282038055762355
53,20.0,4.579939147587183,3.38501600193165,2.9755951785595207,9,0,1.27510826919241
54,1.0,6.954093100144352,6.692657668420421,1.7677669529663689,2,0,7.613881000778334
54,2.0,6.808656181171123,6.535161308899218,1.7677669529663689,4,0,5.607907634356034
54,5.0,3.9782717446376163,2.9755951785595207,2.5,5,0,1.291149203869361
54,10.0,4.195817271129103,2.886751345948129,2.7950849718747373,7,0,1.291149203869361
54,20.0,4.605126852034481,2.886751345948129,3.38501600193165,13,0,1.3529897254676744
55,1.0,6.938822600807046,6.73145600891813,1.613743060919757,1,0,25.539598362421675
55,2.0,4.450314045294004,3.8188130791298667,2.165063509461097,2,0,2.227480867712541
55,5.0,4.28420508232125,3.679900360969936,2.041241452319315,2,0,1.7719067704460807
55,10.0,4.409818195621624,3.8188130791298667,2.041241452319315,4,0,1.6373394331276878
55,20.0,4.695104959329547,3.75,2.7003086243366083,7,0,1.7194165153446197
56,1.0,7.021519047759103,6.7700320038633,1.7677669529663689,1,0,25.58212475586201
56,2.0,5.239223812345972,4.621056877670591,2.165063509461097,3,1,1.8494336801494966
56,5.0,4.472745775754373,3.8188130791298667,2.165063509461097,3,0,0.9621592415847444
56,10.0,4.3575424159946765,3.38501600193165,2.6020824993326657,7,0,0.9621592415847444
56,20.0,4.474823803738226,3.227486121839514,2.9755951785595207,10,0,0.9621592415847444
57,1.0,7.056763113089102,6.73145600891813,2.041241452319315,2,0,14.934299794192098
57,2.0,7.056763113089102,6.73145600891813,2.041241452319315,2,0,14.934299794192098
57,5.0,5.4599265803182755,4.677071733467427,2.7003086243366083,4,1,3.2804514279010117
57,10.0,4.089258908943515,2.886751345948129,2.7950849718747373,5,0,1.2317454371708414
57,20.0,4.570416292969446,2.886751345948129,3.4610932762158644,11,0,1.2317454371708414
58,1.0,7.054400554033202,6.692657668420421,2.165063509461097,3,0,13.167396569676217
58,2.0,7.054400554033202,6.692657668420421,2.165063509461097,3,0,13.167396569676217
58,5.0,5.314786183277661,4.5069390943299865,2.7003086243366083,4,0,2.7959335377032954
58,10.0,4.272802500775297,2.9755951785595207,2.9755951785595207,6,0,1.4319630408602444
58,20.0,4.743760605211507,2.9755951785595207,3.608439182435161,14,0,1.44119124361478
59,1.0,6.867771471638737,6.614378277661476,1.7677669529663689,1,0,25.501030136194586
59,2.0,4.457994187352057,3.608439182435161,2.5,3,0,1.7871070916360878
59,5.0,3.7840786395019155,2.6020824993326657,2.6020824993326657,5,0,1.1803421926702302
59,10.0,3.985191482216967,2.6020824993326657,2.886751345948129,8,0,1.1803421926702302
59,20.0,4.290987660853456,2.7950849718747373,3.1457643480294792,11,0,1.168073836764203
60,1.0,7.02047256219429,6.7700320038633,1.7677669529663689,1,0,25.50242922446283
60,2.0,7.094272454818008,6.7700320038633,2.041241452319315,2,0,14.47102661950452
60,5.0,4.22378352941183,3.227486121839514,2.6020824993326657,3,0,1.648233060090211
60,10.0,4.696953378407431,3.38501600193165,3.1457643480294792,5,0,1.716855510084586
60,20.0,4.796067236967061,3.307189138830738,3.38501600193165,9,0,1.079333718805839
61,1.0,6.875532488394046,6.653633092779714,1.613743060919757,1,0,25.499350745199077
61,2.0,6.912376373338873,6.692657668420421,1.613743060919757,2,0,23.612829140455318
61,5.0,4.062631696405443,2.886751345948129,2.7003086243366083,5,0,1.3089073420428834
61,10.0,4.250585406816121,2.886751345948129,2.9755951785595207,6,0,1.3089073420428834
61,20.0,4.311416198184943,2.886751345948129,3.0618621784789726,7,0,1.3089073420428834
62,1.0,7.228979199813803,6.997023176561111,1.613743060919757,3,0,21.180089552953092
62,2.0,7.228979199813803,6.997023176561111,1.613743060919757,3,0,21.180089552953092
62,5.0,4.028990777090218,2.9755951785595207,2.5,4,1,1.660965044111581
62,10.0,4.146066837561356,2.9755951785595207,2.7003086243366083,6,2,1.0442570105667832
62,20.0,4.330400699880557,2.9755951785595207,2.9755951785595207,9,2,1.0442570105667832
63,1.0,7.639504054915082,7.216878364870322,2.282177322938192,2,0,5.043939177943313
63,2.0,7.639504054915082,7.216878364870322,2.282177322938192,2,0,5.043939177943313
63,5.0,6.00034244813466,5.204164998665331,2.7003086243366083,5,2,2.4189951018068214
63,10.0,4.720749695642461,3.4610932762158644,2.9755951785595207,6,0,2.070107734156356
63,20.0,4.8823771370072135,3.4610932762158644,3.227486121839514,9,0,1.65956175340074
64,1.0,7.024232956795184,6.846531968814577,1.4433756729740645,1,0,25.718376943625653
64,2.0,4.524069572448953,3.886407938787006,2.165063509461097,2,0,1.4298189964677823
64,5.0,3.8341724840552898,3.1457643480294792,2.041241452319315,2,0,1.5026162131348444
64,10.0,3.9015012457796354,3.1457643480294792,2.165063509461097,3,0,1.5026162131348444
64,20.0,4.096853911334898,3.1457643480294792,2.5,5,0,1.5026162131348444
65,1.0,7.161644704837287,6.884463184107628,1.9094065395649333,2,0,7.863138573502419
65,2.0,7.161644704837287,6.884463184107628,1.9094065395649333,2,0,7.863138573502419
65,5.0,4.363209785773199,3.5355339059327378,2.3935677693908453,4,0,1.5969782885349528
65,10.0,4.344087968686209,3.4610932762158644,2.5,6,0,1.202109006918422
65,20.0,4.467024024827679,3.4610932762158644,2.7003086243366083,8,0,1.202109006918422
66,1.0,6.909045523939776,6.692657668420421,1.613743060919757,1,0,25.496015935620637
66,2.0,4.7728610356700045,3.886407938787006,2.6020824993326657,2,0,2.0077026321561333
66,5.0,3.9776866065369756,2.9755951785595207,2.5,2,0,1.2244813219119228
66,10.0,4.292570023481307,2.9755951785595207,2.9755951785595207,4,0,1.2244813219119228
66,20.0,4.594019026817585,3.1457643480294792,3.227486121839514,7,0,1.1579990581450532
67,1.0,7.378820561921401,7.144345083117603,1.7677669529663689,2,0,14.22740342917367
67,2.0,7.378820561921401,7.144345083117603,1.7677669529663689,2,0,14.22740342917367
67,5.0,6.450165892177036,5.818433351570392,2.7003086243366083,5,1,4.729815708357455
67,10.0,4.3462216160077665,2.9755951785595207,3.0618621784789726,9,0,0.8623412634867849
67,20.0,4.341256375929576,2.9755951785595207,3.0618621784789726,9,0,0.8345387046558758
68,1.0,7.205052056271935,6.922186552431729,1.9094065395649333,2,0,18.425818917612585
68,2.0,4.873064267266849,4.018187817080398,2.6020824993326657,4,0,2.6666959786280833
68,5.0,4.591523210322594,3.608439182435161,2.7003086243366083,6,0,2.2937083796354294
68,10.0,4.923569324098365,3.886407938787006,2.886751345948129,9,0,2.1157823721627675
68,20.0,4.60326851497097,3.227486121839514,3.1457643480294792,12,0,1.9138406807341262
69,1.0,7.048309988571076,6.808389432653413,1.7677669529663689,1,0,25.540201019920033
69,2.0,4.789423671957073,4.14578098794425,2.282177322938192,2,0,2.779331326127094
69,5.0,4.02330677340519,3.0618621784789726,2.5,4,0,1.1948652077604431
69,10.0,4.087521342606228,3.0618621784789726,2.6020824993326657,5,0,1.1948652077604431
69,20.0,4.334877629137269,3.0618621784789726,2.9755951785595207,9,0,1.1948652077604431
70,1.0,7.169632113798414,6.997023176561111,1.4433756729740645,1,0,25.530832773513616
70,2.0,7.313477830727516,6.997023176561111,2.041241452319315,3,0,7.915703604356314
70,5.0,5.285173563134634,4.621056877670591,2.282177322938192,5,1,0.7404847001366859
70,10.0,4.522929079712908,3.608439182435161,2.5,6,0,1.353408087219306
70,20.0,4.28809974220454,2.886751345948129,2.9755951785595207,9,0,1.4942760136525277
71,1.0,6.905166727129286,6.653633092779714,1.7677669529663689,2,0,25.157619215927642
71,2.0,6.905166727129286,6.653633092779714,1.7677669529663689,2,0,25.157619215927642
71,5.0,4.4135630828686665,3.5355339059327378,2.5,4,0,0.9004885993529482
71,10.0,4.1998929271894605,2.9755951785595207,2.7950849718747373,8,0,1.02619905799145
71,20.0,5.001955602384263,3.5355339059327378,3.227486121839514,16,1,0.6028610863575286
72,1.0,7.089035864621507,6.7700320038633,2.041241452319315,2,0,9.793837350483459
72,2.0,7.089035864621507,6.7700320038633,2.041241452319315,2,0,9.793837350483459
72,5.0,4.080440098927733,3.0618621784789726,2.6020824993326657,4,0,1.1444460464350166
72,10.0,4.265121872378318,2.9755951785595207,2.9755951785595207,5,0,1.0662108126710654
72,20.0,4.3860460761864415,2.9755951785595207,3.1457643480294792,8,0,1.000190280054681
73,1.0,7.004874208418924,6.614378277661476,2.165063509461097,2,0,17.00899110422697
73,2.0,7.004874208418924,6.614378277661476,2.165063509461097,2,0,17.00899110422697
73,5.0,4.62782184961386,3.4610932762158644,2.7950849718747373,9,0,1.3494940039654795
73,10.0,4.604467637857356,3.1457643480294792,3.1457643480294792,8,1,0.8420634215661134
73,20.0,4.764503546330646,3.1457643480294792,3.38501600193165,13,1,0.8985918147261502
74,1.0,7.3362272619237805,7.144345083117603,1.613743060919757,2,0,9.35218659972663
74,2.0,7.357796385271682,7.0710678118654755,1.9094065395649333,4,0,4.161899418259189
74,5.0,5.724101130003277,5.153882032022076,2.3935677693908453,5,1,3.418152537183967
74,10.0,4.50175637969181,3.4610932762158644,2.7950849718747373,7,0,1.483986576857478
74,20.0,4.728593087237821,3.4610932762158644,3.1457643480294792,12,0,0.9894021345854327
75,1.0,7.021512541730987,6.73145600891813,1.9094065395649333,2,0,8.030287191820888
75,2.0,7.095301617292405,6.73145600891813,2.165063509461097,3,0,8.030287191820888
75,5.0,4.246452606684133,3.227486121839514,2.6020824993326657,4,0,0.6858895045089297
75,10.0,4.161965953078609,2.886751345948129,2.886751345948129,7,0,0.6481743382844634
75,20.0,4.406728671013407,3.0618621784789726,3.0618621784789726,9,0,0.8340110947728917
76,1.0,7.129358591710361,6.959705453537527,1.4433756729740645,2,1,23.126940722151886
76,2.0,4.647803962123637,4.018187817080398,2.165063509461097,6,2,1.2403733639120142
76,5.0,4.2865078290890395,3.608439182435161,2.165063509461097,4,1,1.4952520898422095
76,10.0,4.6393416814360355,3.75,2.6020824993326657,9,0,1.405331670932851
76,20.0,4.525289679484413,3.38501600193165,2.886751345948129,11,1,1.3360166725459335
77,1.0,6.868285085544414,6.653633092779714,1.613743060919757,2,0,22.909552298867702
77,2.0,6.856997344556043,6.614378277661476,1.613743060919757,3,0,4.432555379855309
77,5.0,5.02832845763629,4.08248290463863,2.7950849718747373,6,1,2.8461285398489613
77,10.0,4.109232037320276,2.886751345948129,2.7950849718747373,7,1,1.3653912236927122
77,20.0,4.41883805965182,2.886751345948129,3.227486121839514,11,0,1.3653912236927122
78,1.0,6.914343217056557,6.653633092779714,1.7677669529663689,3,1,5.71533669505207
78,2.0,4.632863204368189,3.952847075210474,2.282177322938192,2,0,2.348689330876901
78,5.0,4.355642531487391,3.4610932762158644,2.5,4,0,1.7558035627834827
78,10.0,4.531459131681746,3.4610932762158644,2.7950849718747373,7,0,1.7558035627834827
78,20.0,4.700704400629961,3.4610932762158644,3.0618621784789726,10,0,1.7558035627834827
79,1.0,7.024174879822766,6.846531968814577,1.4433756729740645,2,0,23.779403440584
79,2.0,7.0611518943913465,6.846531968814577,1.613743060919757,3,0,14.541876960809013
79,5.0,4.415501374864708,3.38501600193165,2.7003086243366083,5,0,1.3650109310243843
79,10.0,4.350227427088675,3.1457643480294792,2.886751345948129,7,0,1.4048239136084224
79,20.0,4.69865983572468,3.227486121839514,3.307189138830738,10,0,1.2349701128391197
80,1.0,9.111676016542273,8.955910525085281,1.0206207261596576,4,0,16.5210513730693
80,2.0,8.032030293748438,7.839536550927825,1.4433756729740645,5,1,16.5210513730693
80,5.0,6.132230177670315,5.49621081594705,2.3935677693908453,8,1,1.7293940041062956
80,10.0,5.4764566618551545,4.732423621500228,2.5,10,1,1.5471791589613635
80,20.0,5.042138355854864,3.886407938787006,2.9755951785595207,11,1,1.5423921249013501
81,1.0,6.946292150479889,6.7700320038633,1.4433756729740645,1,0,25.49510438239809
81,2.0,4.901953946517425,4.330127018922194,2.165063509461097,4,0,1.974003779469614
81,5.0,4.466281798614581,3.608439182435161,2.5,4,1,1.544641568077044
81,10.0,4.471348042680204,3.4610932762158644,2.7003086243366083,7,1,0.8910643935363146
81,20.0,4.863177912804243,3.5355339059327378,3.227486121839514,12,1,0.8910643935363146
82,1.0,7.2815778046168,7.107800878846659,1.4433756729740645,1,0,25.495098426365555
82,2.0,7.388090099930294,7.107800878846659,1.9094065395649333,3,0,18.027558300615013
82,5.0,4.703353014451113,4.018187817080398,2.282177322938192,4,0,1.8642579716404737
82,10.0,4.815099968491448,4.08248290463863,2.3935677693908453,5,0,1.8583597821919002
82,20.0,4.637838378304208,3.608439182435161,2.7950849718747373,8,0,1.427621364849276
83,1.0,6.982604562936417,6.7700320038633,1.613743060919757,2,0,16.157908077235863
83,2.0,4.539160072831465,3.8188130791298667,2.282177322938192,2,0,2.248695447446461
83,5.0,4.1567882961621105,3.1457643480294792,2.6020824993326657,5,0,1.600094546096864
83,10.0,4.1567882961621105,3.1457643480294792,2.6020824993326657,6,0,1.600094546096864
83,20.0,4.517066408534448,3.1457643480294792,3.1457643480294792,11,0,1.600094546096864
84,1.0,6.950075776300498,6.653633092779714,1.9094065395649333,1,0,25.56528059900141
84,2.0,6.987444928559531,6.653633092779714,2.041241452319315,2,0,8.459890243800322
84,5.0,4.112915374870916,3.0618621784789726,2.6020824993326657,4,0,1.148813135454192
84,10.0,4.045554489776781,2.886751345948129,2.7003086243366083,4,0,1.1305769642895724
84,20.0,4.473515895030038,2.886751345948129,3.307189138830738,7,0,1.1305769642895724
85,1.0,7.0890652316936045,6.846531968814577,1.7677669529663689,3,0,7.184856789723899
85,2.0,7.0890652316936045,6.846531968814577,1.7677669529663689,3,0,7.184856789723899
85,5.0,5.305353307876461,4.564354645876384,2.5,6,1,2.0771312741712094
85,10.0,4.387548804195054,3.1457643480294792,2.7950849718747373,9,0,1.5440536976764143
85,20.0,4.55548767609016,3.0618621784789726,2.9755951785595207,10,1,1.5440536976764143
86,1.0,7.123791670253985,6.846531968814577,1.9094065395649333,2,0,12.899577114866634
86,2.0,7.088754467060298,6.7700320038633,2.041241452319315,3,0,12.899577114866634
86,5.0,4.398814156473971,3.307189138830738,2.7950849718747373,6,0,1.3647904464573863
86,10.0,4.384588926936381,3.227486121839514,2.886751345948129,8,0,1.202620095575587
86,20.0,4.50180927237925,3.227486121839514,3.0618621784789726,10,0,1.202620095575587
87,1.0,6.942694779589163,6.73145600891813,1.613743060919757,1,0,25.497585143589532
87,2.0,5.062922650923324,4.389855730355308,2.3935677693908453,4,1,2.917022708624486
87,5.0,4.747029079451973,3.75,2.7950849718747373,5,1,1.5317486260658981
87,10.0,4.9492143588650865,3.886407938787006,2.9755951785595207,7,1,1.6273614031446986
87,20.0,4.968432956628517,3.886407938787006,2.9755951785595207,9,1,1.5735760152669043
88,1.0,6.947214361340494,6.692657668420421,1.7677669529663689,1,0,25.525684314162163
88,2.0,4.735726270696422,4.018187817080398,2.282177322938192,3,0,2.2240943204884807
88,5.0,4.393842651157036,3.75,2.165063509461097,2,0,0.7789537686512427
88,10.0,4.5681892740041645,3.75,2.5,4,0,0.7789537686512427
88,20.0,4.273918633078867,3.0618621784789726,2.7950849718747373,7,0,1.1377976641292513
89,1.0,7.162885787724902,6.922186552431729,1.7677669529663689,1,0,25.673078189782963
89,2.0,4.794494928096899,3.952847075210474,2.6020824993326657,2,1,4.13180586562916
89,5.0,4.337595692417093,3.38501600193165,2.6020824993326657,5,0,1.2350796978123688
89,10.0,4.456052407405234,3.38501600193165,2.7950849718747373,7,0,1.2350796978123688
89,20.0,4.628056077614227,3.38501600193165,3.0618621784789726,10,0,1.2350796978123688
90,1.0,7.641521495815528,7.465197027987049,1.4433756729740645,2,0,17.378867642849222
90,2.0,7.265340007842354,7.0710678118654755,1.4433756729740645,3,1,17.180620272409953
90,5.0,6.290015667724086,5.863019699779287,2.041241452319315,7,2,4.530271987057087
90,10.0,4.842057373951564,3.952847075210474,2.6020824993326657,9,1,0.9704450371713376
90,20.0,5.154659990012796,3.952847075210474,3.1457643480294792,14,1,0.9704450371713376
91,1.0,6.865795418172436,6.73145600891813,1.25,1,0,25.50482416192507
91,2.0,6.981104470792184,6.653633092779714,1.613743060919757,3,0,4.820398362997256
91,5.0,5.057924239263507,4.269562819149833,2.282177322938192,5,1,3.0701463633646644
91,10.0,4.56826280233659,3.38501600193165,2.7003086243366083,9,0,1.730353160386094
91,20.0,4.506808760001692,3.1457643480294792,2.886751345948129,11,1,1.4902342835342834
92,1.0,6.938010989527703,6.692657668420421,1.7677669529663689,1,0,25.55050786228517
92,2.0,7.012678743352916,6.692657668420421,2.041241452319315,2,0,21.167817384782396
92,5.0,4.085853533105727,2.9755951785595207,2.7003086243366083,4,0,1.2207921942709334
92,10.0,4.14170578294041,2.7950849718747373,2.7950849718747373,6,0,0.9027159500601494
92,20.0,4.386225250049544,2.886751345948129,3.0618621784789726,9,0,0.9820217068038101
93,1.0,6.95437074591454,6.7700320038633,1.4433756729740645,2,0,3.413943628164347
93,2.0,6.991716942566059,6.7700320038633,1.613743060919757,3,0,3.413943628164347
93,5.0,6.335664208061184,5.7282196186948,2.5,6,2,3.413943628164347
93,10.0,4.290451534842974,3.227486121839514,2.7003086243366083,8,0,1.3510019652527947
93,20.0,4.594433633927168,3.1457643480294792,3.227486121839514,15,0,1.395146297566927
94,1.0,7.101713186653346,6.846531968814577,1.7677669529663689,1,0,25.496973582829845
94,2.0,4.607964262266107,3.952847075210474,2.165063509461097,2,0,1.6284001763638378
94,5.0,3.9785343330679956,3.1457643480294792,2.282177322938192,3,0,1.5363326936382222
94,10.0,4.043460000140243,3.1457643480294792,2.3935677693908453,4,0,1.5363326936382222
94,20.0,4.2341213532075965,2.886751345948129,2.9755951785595207,8,0,1.4364284063936676
95,1.0,7.304950433742617,7.107800878846659,1.613743060919757,3,0,12.785894504877344
95,2.0,5.459611611717385,4.947642536265799,2.165063509461097,4,0,1.7483077475772586
95,5.0,4.397633425440382,3.75,2.165063509461097,5,0,0.9048731890410371
95,10.0,4.160656956492392,3.307189138830738,2.3935677693908453,7,0,0.7884814645872238
95,20.0,4.577870645064348,3.307189138830738,3.0618621784789726,11,0,0.7884814645872238
96,1.0,6.951454930249294,6.692657668420421,1.7677669529663689,1,0,25.496111239398537
96,2.0,4.68386477681775,3.8188130791298667,2.5,3,0,1.6585492864657654
96,5.0,4.433351524856017,3.5355339059327378,2.5,3,0,0.7580147629597767
96,10.0,4.376874800664381,3.38501600193165,2.6020824993326657,4,0,0.7580147629597767
96,20.0,4.13423870089943,2.9755951785595207,2.7003086243366083,5,0,0.7580147629597767
97,1.0,7.206274828758758,6.884463184107628,2.041241452319315,2,0,23.092729055709757
97,2.0,7.313883845646037,6.884463184107628,2.3935677693908453,3,0,19.991208995256684
97,5.0,5.273704086574098,4.389855730355308,2.7950849718747373,5,0,0.7676903619602311
97,10.0,5.271740419346234,4.330127018922194,2.886751345948129,9,0,0.700703287678591
97,20.0,5.186353600368589,3.8188130791298667,3.38501600193165,16,1,0.6073006252054226
98,1.0,6.979474360838811,6.653633092779714,2.041241452319315,2,0,19.53699136094625
98,2.0,7.016686945199968,6.653633092779714,2.165063509461097,3,0,10.240888961978944
98,5.0,4.404066514719854,3.5355339059327378,2.5,4,0,1.730365852058225
98,10.0,4.27472837228255,3.0618621784789726,2.886751345948129,8,0,1.0945162149267211
98,20.0,4.517852345071528,3.227486121839514,3.0618621784789726,10,0,1.0945162149267211
99,1.0,7.027211589486254,6.73145600891813,1.9094065395649333,3,0,17.46534963851442
99,2.0,7.137234128165796,6.73145600891813,2.282177322938192,4,0,6.0038648144667155
99,5.0,4.296533503862453,2.886751345948129,3.0618621784789726,6,0,1.4140560382440206
99,10.0,4.474673189162821,2.886751345948129,3.307189138830738,7,0,1.4140560382440206
99,20.0,4.589593317112011,2.886751345948129,3.4610932762158644,9,0,1.4140560382440206
