seed,spawn_interval,birth_events,tracker,rms_gospa,rms_missed,rms_false
100,6,16,fixed_broad_birth,5.09411719219352,3.5355339059327378,3.5355339059327378
100,6,16,measurement_driven_birth,5.519024844320911,4.5069390943299865,3.0618621784789726
100,6,16,dp_delayed_recluster,4.827180841261584,3.679900360969936,2.9755951785595207
100,8,12,fixed_broad_birth,5.162762367071037,3.0618621784789726,4.08248290463863
100,8,12,measurement_driven_birth,4.841548824606047,3.952847075210474,2.7003086243366083
100,8,12,dp_delayed_recluster,4.762873984130701,3.608439182435161,2.9755951785595207
100,12,8,fixed_broad_birth,3.9312007797760855,2.7950849718747373,2.7003086243366083
100,12,8,measurement_driven_birth,3.991167163558856,3.38501600193165,2.041241452319315
100,12,8,dp_delayed_recluster,3.369661506213508,2.6020824993326657,2.041241452319315
100,16,6,fixed_broad_birth,3.817907449309196,1.7677669529663689,3.307189138830738
100,16,6,measurement_driven_birth,3.120012322498105,2.5,1.7677669529663689
100,16,6,dp_delayed_recluster,3.603057833288783,2.6020824993326657,2.3935677693908453
101,6,16,fixed_broad_birth,5.315172022147769,3.608439182435161,3.608439182435161
101,6,16,measurement_driven_birth,5.325580622046293,4.621056877670591,2.5
101,6,16,dp_delayed_recluster,4.345551125550422,3.38501600193165,2.3935677693908453
101,8,12,fixed_broad_birth,4.970210702119444,3.227486121839514,3.679900360969936
101,8,12,measurement_driven_birth,4.904567040858682,4.018187817080398,2.7003086243366083
101,8,12,dp_delayed_recluster,4.70825544266662,3.679900360969936,2.7950849718747373
101,12,8,fixed_broad_birth,3.681538750330432,2.282177322938192,2.7950849718747373
101,12,8,measurement_driven_birth,3.982895644290212,3.227486121839514,2.165063509461097
101,12,8,dp_delayed_recluster,3.297561380288548,2.6020824993326657,1.9094065395649333
101,16,6,fixed_broad_birth,4.05171059243533,2.165063509461097,3.38501600193165
101,16,6,measurement_driven_birth,3.6400367184405895,2.7950849718747373,2.282177322938192
101,16,6,dp_delayed_recluster,3.592244415067064,2.282177322938192,2.7003086243366083
102,6,16,fixed_broad_birth,5.875153946865976,4.08248290463863,4.018187817080398
102,6,16,measurement_driven_birth,5.692278510176279,4.947642536265799,2.7003086243366083
102,6,16,dp_delayed_recluster,4.989781926750944,3.608439182435161,3.307189138830738
102,8,12,fixed_broad_birth,4.651702951647822,3.307189138830738,3.1457643480294792
102,8,12,measurement_driven_birth,5.040581233191282,4.269562819149833,2.6020824993326657
102,8,12,dp_delayed_recluster,4.077550525794053,3.227486121839514,2.3935677693908453
102,12,8,fixed_broad_birth,3.6631204409931897,2.5,2.6020824993326657
102,12,8,measurement_driven_birth,3.8554285171713434,3.38501600193165,1.7677669529663689
102,12,8,dp_delayed_recluster,3.599770587757529,2.5,2.5
102,16,6,fixed_broad_birth,4.057240921503583,2.7003086243366083,2.9755951785595207
102,16,6,measurement_driven_birth,3.7236319331093415,3.307189138830738,1.613743060919757
102,16,6,dp_delayed_recluster,3.645151254812866,2.7003086243366083,2.3935677693908453
103,6,16,fixed_broad_birth,5.214151347130445,3.75,3.4610932762158644
103,6,16,measurement_driven_birth,5.570306907468547,4.841229182759271,2.6020824993326657
103,6,16,dp_delayed_recluster,5.131243684613831,4.269562819149833,2.6020824993326657
103,8,12,fixed_broad_birth,4.954943461930767,2.886751345948129,3.952847075210474
103,8,12,measurement_driven_birth,4.562775222213532,3.679900360969936,2.6020824993326657
103,8,12,dp_delayed_recluster,4.402186762444007,2.9755951785595207,3.1457643480294792
103,12,8,fixed_broad_birth,4.907270489646316,3.1457643480294792,3.679900360969936
103,12,8,measurement_driven_birth,4.080612236724196,3.227486121839514,2.3935677693908453
103,12,8,dp_delayed_recluster,4.016786862493699,2.886751345948129,2.7003086243366083
103,16,6,fixed_broad_birth,4.311961194053006,2.165063509461097,3.679900360969936
103,16,6,measurement_driven_birth,3.496200367280429,2.886751345948129,1.9094065395649333
103,16,6,dp_delayed_recluster,3.6767152799694567,2.6020824993326657,2.5
104,6,16,fixed_broad_birth,5.302439291489677,4.14578098794425,3.1457643480294792
104,6,16,measurement_driven_birth,5.715512841049567,5.0,2.6020824993326657
104,6,16,dp_delayed_recluster,5.248841534066457,4.5069390943299865,2.5
104,8,12,fixed_broad_birth,4.620897927060366,2.9755951785595207,3.4610932762158644
104,8,12,measurement_driven_birth,4.552340593484283,3.75,2.5
104,8,12,dp_delayed_recluster,4.334932714309782,3.227486121839514,2.7950849718747373
104,12,8,fixed_broad_birth,4.254927429511851,2.6020824993326657,3.307189138830738
104,12,8,measurement_driven_birth,3.8038817204229995,3.227486121839514,1.9094065395649333
104,12,8,dp_delayed_recluster,3.6139158242250002,2.6020824993326657,2.3935677693908453
104,16,6,fixed_broad_birth,4.010536280429281,2.5,3.0618621784789726
104,16,6,measurement_driven_birth,3.2678743483278736,2.9755951785595207,1.25
104,16,6,dp_delayed_recluster,3.5088676721410947,2.6020824993326657,2.282177322938192
105,6,16,fixed_broad_birth,5.250025313573922,4.208127057650866,2.886751345948129
105,6,16,measurement_driven_birth,5.699581088822934,5.0,2.5
105,6,16,dp_delayed_recluster,4.701070603004476,3.952847075210474,2.282177322938192
105,8,12,fixed_broad_birth,5.044049394347602,3.5355339059327378,3.4610932762158644
105,8,12,measurement_driven_birth,5.010625832077109,4.14578098794425,2.7003086243366083
105,8,12,dp_delayed_recluster,4.648151118039752,3.4610932762158644,2.9755951785595207
105,12,8,fixed_broad_birth,3.7019513451773753,2.6020824993326657,2.5
105,12,8,measurement_driven_birth,3.87955235714211,3.307189138830738,1.9094065395649333
105,12,8,dp_delayed_recluster,3.62431374820463,2.7003086243366083,2.282177322938192
105,16,6,fixed_broad_birth,3.7320962487200386,2.5,2.7003086243366083
105,16,6,measurement_driven_birth,3.26424579040447,2.886751345948129,1.4433756729740645
105,16,6,dp_delayed_recluster,3.302192814747535,2.3935677693908453,2.165063509461097
106,6,16,fixed_broad_birth,5.595742478529505,4.08248290463863,3.4610932762158644
106,6,16,measurement_driven_birth,5.667388475865638,4.7871355387816905,2.6020824993326657
106,6,16,dp_delayed_recluster,5.275789374973003,4.08248290463863,2.886751345948129
106,8,12,fixed_broad_birth,5.106059160577281,3.4610932762158644,3.5355339059327378
106,8,12,measurement_driven_birth,5.256768900916965,4.269562819149833,2.9755951785595207
106,8,12,dp_delayed_recluster,4.620068732248932,3.0618621784789726,3.227486121839514
106,12,8,fixed_broad_birth,4.2023121741874165,2.282177322938192,3.38501600193165
106,12,8,measurement_driven_birth,3.873627721931494,3.227486121839514,2.041241452319315
106,12,8,dp_delayed_recluster,3.6675656848139115,2.5,2.6020824993326657
106,16,6,fixed_broad_birth,3.6580692321933928,2.3935677693908453,2.7003086243366083
106,16,6,measurement_driven_birth,3.5017046562070746,2.7950849718747373,2.041241452319315
106,16,6,dp_delayed_recluster,3.4318583711981194,2.6020824993326657,2.165063509461097
107,6,16,fixed_broad_birth,5.340608396284986,4.08248290463863,3.307189138830738
107,6,16,measurement_driven_birth,5.8800954114196875,5.204164998665331,2.6020824993326657
107,6,16,dp_delayed_recluster,5.298382924543702,4.14578098794425,3.1457643480294792
107,8,12,fixed_broad_birth,5.2575413954326145,3.75,3.608439182435161
107,8,12,measurement_driven_birth,4.943782793558383,4.269562819149833,2.3935677693908453
107,8,12,dp_delayed_recluster,5.213493352059651,4.5069390943299865,2.5
107,12,8,fixed_broad_birth,3.8911999518526015,2.3935677693908453,2.9755951785595207
107,12,8,measurement_driven_birth,3.8156227199289647,2.9755951785595207,2.282177322938192
107,12,8,dp_delayed_recluster,3.4662647689747748,2.5,2.282177322938192
107,16,6,fixed_broad_birth,4.650010918930393,3.0618621784789726,3.227486121839514
107,16,6,measurement_driven_birth,3.983766251130195,3.38501600193165,2.041241452319315
107,16,6,dp_delayed_recluster,3.7865470674476667,2.7950849718747373,2.5
108,6,16,fixed_broad_birth,5.4490915098909385,3.8188130791298667,3.38501600193165
108,6,16,measurement_driven_birth,5.859407657109241,4.894725051862804,2.9755951785595207
108,6,16,dp_delayed_recluster,5.387981469186354,4.389855730355308,2.9755951785595207
108,8,12,fixed_broad_birth,4.477654460171907,2.9755951785595207,3.227486121839514
108,8,12,measurement_driven_birth,4.229994102866339,3.608439182435161,2.041241452319315
108,8,12,dp_delayed_recluster,4.1981794037710065,3.1457643480294792,2.6020824993326657
108,12,8,fixed_broad_birth,4.932741298684553,3.75,3.1457643480294792
108,12,8,measurement_driven_birth,4.6588045101168385,4.208127057650866,1.9094065395649333
108,12,8,dp_delayed_recluster,4.383344687890831,3.5355339059327378,2.5
108,16,6,fixed_broad_birth,3.927373162849153,2.282177322938192,3.1457643480294792
108,16,6,measurement_driven_birth,3.343964576537736,2.7003086243366083,1.9094065395649333
108,16,6,dp_delayed_recluster,3.435861910248095,2.5,2.282177322938192
109,6,16,fixed_broad_birth,5.429817861223593,3.307189138830738,4.08248290463863
109,6,16,measurement_driven_birth,5.232126030034491,4.208127057650866,2.9755951785595207
109,6,16,dp_delayed_recluster,4.776912012583771,3.5355339059327378,2.886751345948129
109,8,12,fixed_broad_birth,4.968858767718144,2.9755951785595207,3.886407938787006
109,8,12,measurement_driven_birth,4.999072841174823,4.018187817080398,2.886751345948129
109,8,12,dp_delayed_recluster,4.354658501703348,3.1457643480294792,2.886751345948129
109,12,8,fixed_broad_birth,4.569364091565605,2.886751345948129,3.4610932762158644
109,12,8,measurement_driven_birth,4.135377014268327,3.4610932762158644,2.165063509461097
109,12,8,dp_delayed_recluster,3.7636338960417186,2.886751345948129,2.282177322938192
109,16,6,fixed_broad_birth,3.8597919545942254,2.165063509461097,3.1457643480294792
109,16,6,measurement_driven_birth,3.65069995675213,2.6020824993326657,2.5
109,16,6,dp_delayed_recluster,3.212172177305728,2.041241452319315,2.3935677693908453
110,6,16,fixed_broad_birth,6.262542462550507,4.564354645876384,4.208127057650866
110,6,16,measurement_driven_birth,6.001295467150564,5.153882032022076,2.9755951785595207
110,6,16,dp_delayed_recluster,5.0134150172668095,4.14578098794425,2.7003086243366083
110,8,12,fixed_broad_birth,5.081859344596551,3.4610932762158644,3.608439182435161
110,8,12,measurement_driven_birth,4.696977428032744,3.952847075210474,2.3935677693908453
110,8,12,dp_delayed_recluster,4.83738683840952,3.952847075210474,2.6020824993326657
110,12,8,fixed_broad_birth,4.19658304328255,2.3935677693908453,3.38501600193165
110,12,8,measurement_driven_birth,4.127831649486556,3.1457643480294792,2.6020824993326657
110,12,8,dp_delayed_recluster,3.941915409894888,2.5,2.9755951785595207
110,16,6,fixed_broad_birth,3.810238818824068,2.6020824993326657,2.7003086243366083
110,16,6,measurement_driven_birth,3.73634708129538,3.307189138830738,1.613743060919757
110,16,6,dp_delayed_recluster,3.8106834291619713,2.9755951785595207,2.282177322938192
111,6,16,fixed_broad_birth,6.275591012777559,4.208127057650866,4.208127057650866
111,6,16,measurement_driven_birth,5.949361211376627,5.0518148554092255,2.6020824993326657
111,6,16,dp_delayed_recluster,5.189476663709296,3.952847075210474,2.886751345948129
111,8,12,fixed_broad_birth,5.219248882286931,3.1457643480294792,4.08248290463863
111,8,12,measurement_driven_birth,4.959349451162971,4.018187817080398,2.7950849718747373
111,8,12,dp_delayed_recluster,4.579923809739721,3.4610932762158644,2.886751345948129
111,12,8,fixed_broad_birth,4.369352647636608,2.282177322938192,3.679900360969936
111,12,8,measurement_driven_birth,3.6475576544966333,3.0618621784789726,1.9094065395649333
111,12,8,dp_delayed_recluster,3.2045082547001105,2.041241452319315,2.3935677693908453
111,16,6,fixed_broad_birth,4.623867194287428,2.5,3.679900360969936
111,16,6,measurement_driven_birth,3.3462978732047275,2.7950849718747373,1.7677669529663689
111,16,6,dp_delayed_recluster,3.678160770209007,2.041241452319315,2.886751345948129
112,6,16,fixed_broad_birth,5.329900833098626,3.8188130791298667,3.608439182435161
112,6,16,measurement_driven_birth,5.513321756450294,4.677071733467427,2.7950849718747373
112,6,16,dp_delayed_recluster,5.332926445914264,4.448782605013046,2.7950849718747373
112,8,12,fixed_broad_birth,5.269375356025348,4.018187817080398,3.307189138830738
112,8,12,measurement_driven_birth,5.359774641909374,4.7871355387816905,2.282177322938192
112,8,12,dp_delayed_recluster,5.325824727115165,4.564354645876384,2.6020824993326657
112,12,8,fixed_broad_birth,3.967185249030693,2.6020824993326657,2.886751345948129
112,12,8,measurement_driven_birth,3.657677009176248,3.227486121839514,1.613743060919757
112,12,8,dp_delayed_recluster,3.532657766121258,2.7950849718747373,2.041241452319315
112,16,6,fixed_broad_birth,4.123157837116652,2.6020824993326657,3.1457643480294792
112,16,6,measurement_driven_birth,3.7885944178818938,3.227486121839514,1.9094065395649333
112,16,6,dp_delayed_recluster,3.5941261348227673,2.3935677693908453,2.6020824993326657
113,6,16,fixed_broad_birth,5.558923580973798,4.448782605013046,3.0618621784789726
113,6,16,measurement_driven_birth,5.704168130580689,5.153882032022076,2.282177322938192
113,6,16,dp_delayed_recluster,4.759255860155736,3.886407938787006,2.5
113,8,12,fixed_broad_birth,5.063780710407319,3.1457643480294792,3.75
113,8,12,measurement_driven_birth,4.619729224598203,3.952847075210474,2.282177322938192
113,8,12,dp_delayed_recluster,4.079431530016087,3.0618621784789726,2.6020824993326657
113,12,8,fixed_broad_birth,5.038750410358561,2.7003086243366083,4.208127057650866
113,12,8,measurement_driven_birth,3.9974995660531234,3.307189138830738,2.165063509461097
113,12,8,dp_delayed_recluster,4.195935548804278,2.9755951785595207,2.886751345948129
113,16,6,fixed_broad_birth,3.9244912645002126,2.165063509461097,3.227486121839514
113,16,6,measurement_driven_birth,3.4248770777346014,2.7950849718747373,1.9094065395649333
113,16,6,dp_delayed_recluster,3.576052306536694,2.282177322938192,2.7003086243366083
114,6,16,fixed_broad_birth,5.945421014781615,3.608439182435161,4.621056877670591
114,6,16,measurement_driven_birth,5.760378946786791,4.732423621500228,2.9755951785595207
114,6,16,dp_delayed_recluster,4.916496726398708,3.679900360969936,3.1457643480294792
114,8,12,fixed_broad_birth,5.105637621040291,3.1457643480294792,3.8188130791298667
114,8,12,measurement_driven_birth,4.936862407250315,4.14578098794425,2.6020824993326657
114,8,12,dp_delayed_recluster,4.389867703284776,3.227486121839514,2.886751345948129
114,12,8,fixed_broad_birth,4.252794391901645,2.165063509461097,3.608439182435161
114,12,8,measurement_driven_birth,3.4341969009310547,2.9755951785595207,1.613743060919757
114,12,8,dp_delayed_recluster,3.4403220512565134,2.282177322938192,2.5
114,16,6,fixed_broad_birth,4.164210301447078,2.165063509461097,3.38501600193165
114,16,6,measurement_driven_birth,3.427298241883994,2.886751345948129,1.7677669529663689
114,16,6,dp_delayed_recluster,3.4301768055110373,2.282177322938192,2.5
115,6,16,fixed_broad_birth,4.9403594566142965,3.38501600193165,3.4610932762158644
115,6,16,measurement_driven_birth,5.137489153670867,4.330127018922194,2.6020824993326657
115,6,16,dp_delayed_recluster,4.6004977240704825,3.38501600193165,2.9755951785595207
115,8,12,fixed_broad_birth,5.313708283376838,3.608439182435161,3.8188130791298667
115,8,12,measurement_driven_birth,4.886579152665592,4.330127018922194,2.165063509461097
115,8,12,dp_delayed_recluster,5.007867061126578,4.14578098794425,2.7003086243366083
115,12,8,fixed_broad_birth,4.078289013503936,2.5,3.0618621784789726
115,12,8,measurement_driven_birth,3.7336901606662063,3.227486121839514,1.7677669529663689
115,12,8,dp_delayed_recluster,3.8376100550761634,3.1457643480294792,2.041241452319315
115,16,6,fixed_broad_birth,4.579034389109633,2.6020824993326657,3.679900360969936
115,16,6,measurement_driven_birth,3.778703638739175,3.307189138830738,1.7677669529663689
115,16,6,dp_delayed_recluster,4.475995122766673,3.307189138830738,2.9755951785595207
116,6,16,fixed_broad_birth,5.493638933568831,3.608439182435161,3.952847075210474
116,6,16,measurement_driven_birth,5.415036805859144,4.621056877670591,2.7003086243366083
116,6,16,dp_delayed_recluster,4.993415051432092,3.886407938787006,2.7003086243366083
116,8,12,fixed_broad_birth,4.957767974875855,3.227486121839514,3.679900360969936
116,8,12,measurement_driven_birth,4.560640161135118,3.952847075210474,2.165063509461097
116,8,12,dp_delayed_recluster,4.333124036566503,3.1457643480294792,2.886751345948129
116,12,8,fixed_broad_birth,4.878160340397455,2.282177322938192,4.269562819149833
116,12,8,measurement_driven_birth,4.179847343575527,3.1457643480294792,2.7003086243366083
116,12,8,dp_delayed_recluster,3.868191033882688,2.165063509461097,3.1457643480294792
116,16,6,fixed_broad_birth,4.12671189507179,2.3935677693908453,3.307189138830738
116,16,6,measurement_driven_birth,3.495312628224251,3.1457643480294792,1.4433756729740645
116,16,6,dp_delayed_recluster,3.587256963160925,2.6020824993326657,2.3935677693908453
117,6,16,fixed_broad_birth,5.807513265682276,4.14578098794425,3.952847075210474
117,6,16,measurement_driven_birth,5.568928484157767,5.0,2.282177322938192
117,6,16,dp_delayed_recluster,4.68998182758211,3.8188130791298667,2.5
117,8,12,fixed_broad_birth,5.115108533905996,3.4610932762158644,3.679900360969936
117,8,12,measurement_driven_birth,5.104187943013549,4.389855730355308,2.5
117,8,12,dp_delayed_recluster,4.179869798137938,3.0618621784789726,2.7003086243366083
117,12,8,fixed_broad_birth,4.214587607461737,2.6020824993326657,3.227486121839514
117,12,8,measurement_driven_birth,3.8128215838368225,3.227486121839514,1.9094065395649333
117,12,8,dp_delayed_recluster,3.615226807709466,2.5,2.5
117,16,6,fixed_broad_birth,3.518050614732349,1.9094065395649333,2.886751345948129
117,16,6,measurement_driven_birth,3.121147010791149,2.5,1.7677669529663689
117,16,6,dp_delayed_recluster,3.135162306204023,2.041241452319315,2.282177322938192
118,6,16,fixed_broad_birth,5.678379889054886,3.886407938787006,3.952847075210474
118,6,16,measurement_driven_birth,5.917168990814378,5.0,3.0618621784789726
118,6,16,dp_delayed_recluster,5.325351598347733,4.14578098794425,3.227486121839514
118,8,12,fixed_broad_birth,5.300934248549839,3.952847075210474,3.4610932762158644
118,8,12,measurement_driven_birth,5.345947691111392,4.621056877670591,2.6020824993326657
118,8,12,dp_delayed_recluster,4.729090333173357,3.8188130791298667,2.7003086243366083
118,12,8,fixed_broad_birth,3.937185487329407,2.3935677693908453,3.0618621784789726
118,12,8,measurement_driven_birth,3.576219602871869,2.886751345948129,2.041241452319315
118,12,8,dp_delayed_recluster,3.3533551686523766,2.165063509461097,2.5
118,16,6,fixed_broad_birth,4.1193126052173055,2.041241452319315,3.5355339059327378
118,16,6,measurement_driven_birth,3.414868078752159,2.7003086243366083,2.041241452319315
118,16,6,dp_delayed_recluster,4.130639101430056,3.1457643480294792,2.6020824993326657
119,6,16,fixed_broad_birth,5.706024858466388,4.330127018922194,3.608439182435161
119,6,16,measurement_driven_birth,5.876528075269909,5.303300858899107,2.3935677693908453
119,6,16,dp_delayed_recluster,5.227319697767446,4.269562819149833,2.7950849718747373
119,8,12,fixed_broad_birth,4.645322351282904,3.1457643480294792,3.307189138830738
119,8,12,measurement_driven_birth,4.680162552260584,4.018187817080398,2.282177322938192
119,8,12,dp_delayed_recluster,4.106073631095344,2.9755951785595207,2.7003086243366083
119,12,8,fixed_broad_birth,4.669058120387055,2.5,3.886407938787006
119,12,8,measurement_driven_birth,4.134578434514899,3.307189138830738,2.3935677693908453
119,12,8,dp_delayed_recluster,4.065498274034692,3.0618621784789726,2.6020824993326657
119,16,6,fixed_broad_birth,3.583629998670606,2.041241452319315,2.886751345948129
119,16,6,measurement_driven_birth,3.190686723525027,2.7003086243366083,1.613743060919757
119,16,6,dp_delayed_recluster,3.117177634158642,2.041241452319315,2.282177322938192
120,6,16,fixed_broad_birth,4.888212588903913,3.4610932762158644,3.307189138830738
120,6,16,measurement_driven_birth,5.125409090417353,4.389855730355308,2.5
120,6,16,dp_delayed_recluster,4.38946304852151,3.307189138830738,2.7003086243366083
120,8,12,fixed_broad_birth,5.042968828950252,3.227486121839514,3.75
120,8,12,measurement_driven_birth,4.7393236709436,4.08248290463863,2.282177322938192
120,8,12,dp_delayed_recluster,4.146855190063177,3.0618621784789726,2.7003086243366083
120,12,8,fixed_broad_birth,4.00272619969377,2.282177322938192,3.227486121839514
120,12,8,measurement_driven_birth,3.587683201305577,2.7950849718747373,2.165063509461097
120,12,8,dp_delayed_recluster,3.615189829974249,2.165063509461097,2.7950849718747373
120,16,6,fixed_broad_birth,4.1239680097960685,2.282177322938192,3.38501600193165
120,16,6,measurement_driven_birth,3.3808065251967663,2.7950849718747373,1.7677669529663689
120,16,6,dp_delayed_recluster,3.7292252280217157,2.282177322938192,2.886751345948129
121,6,16,fixed_broad_birth,5.406144149911037,3.4610932762158644,3.952847075210474
121,6,16,measurement_driven_birth,5.397151608249064,4.448782605013046,2.7950849718747373
121,6,16,dp_delayed_recluster,4.442933540872344,3.307189138830738,2.7003086243366083
121,8,12,fixed_broad_birth,4.642634328022589,2.9755951785595207,3.4610932762158644
121,8,12,measurement_driven_birth,4.683557357203774,3.886407938787006,2.5
121,8,12,dp_delayed_recluster,3.846941754285686,2.886751345948129,2.3935677693908453
121,12,8,fixed_broad_birth,4.273504692903439,2.7003086243366083,3.227486121839514
121,12,8,measurement_driven_birth,3.9495758272803063,3.38501600193165,1.9094065395649333
121,12,8,dp_delayed_recluster,3.7670234320057134,2.7950849718747373,2.3935677693908453
121,16,6,fixed_broad_birth,4.109336924572451,2.041241452319315,3.5355339059327378
121,16,6,measurement_driven_birth,3.2583767045480845,2.7003086243366083,1.7677669529663689
121,16,6,dp_delayed_recluster,3.4203761112850497,2.041241452319315,2.7003086243366083
122,6,16,fixed_broad_birth,5.742868115406209,3.8188130791298667,4.14578098794425
122,6,16,measurement_driven_birth,5.845313475195263,5.0,2.886751345948129
122,6,16,dp_delayed_recluster,4.649901930854819,3.608439182435161,2.7950849718747373
122,8,12,fixed_broad_birth,5.177748412785132,3.608439182435161,3.608439182435161
122,8,12,measurement_driven_birth,5.36893657370175,4.564354645876384,2.7003086243366083
122,8,12,dp_delayed_recluster,4.640781054963789,3.8188130791298667,2.5
122,12,8,fixed_broad_birth,3.7608000139126285,2.3935677693908453,2.7950849718747373
122,12,8,measurement_driven_birth,4.008977149353698,2.886751345948129,2.7003086243366083
122,12,8,dp_delayed_recluster,3.4025260383597504,2.3935677693908453,2.282177322938192
122,16,6,fixed_broad_birth,4.367115599450619,2.5,3.5355339059327378
122,16,6,measurement_driven_birth,4.045419507979451,3.227486121839514,2.3935677693908453
122,16,6,dp_delayed_recluster,3.58129777412942,2.3935677693908453,2.6020824993326657
123,6,16,fixed_broad_birth,5.655338304615738,3.952847075210474,3.8188130791298667
123,6,16,measurement_driven_birth,5.875080697377724,4.894725051862804,3.1457643480294792
123,6,16,dp_delayed_recluster,5.439520392006626,4.08248290463863,3.4610932762158644
123,8,12,fixed_broad_birth,5.001170490308602,3.227486121839514,3.75
123,8,12,measurement_driven_birth,5.04657671469834,4.14578098794425,2.7950849718747373
123,8,12,dp_delayed_recluster,4.737855392898726,3.5355339059327378,3.0618621784789726
123,12,8,fixed_broad_birth,4.186148902064947,3.0618621784789726,2.7950849718747373
123,12,8,measurement_driven_birth,3.9865431192627216,3.608439182435161,1.613743060919757
123,12,8,dp_delayed_recluster,3.7310931880903535,2.7950849718747373,2.3935677693908453
123,16,6,fixed_broad_birth,4.372399760622153,2.282177322938192,3.679900360969936
123,16,6,measurement_driven_birth,3.4243474647762744,2.9755951785595207,1.613743060919757
123,16,6,dp_delayed_recluster,4.139387689880011,3.227486121839514,2.5
124,6,16,fixed_broad_birth,5.8788528115627425,4.018187817080398,4.08248290463863
124,6,16,measurement_driven_birth,5.82833532740626,4.841229182759271,2.9755951785595207
124,6,16,dp_delayed_recluster,5.203258306018353,3.952847075210474,3.227486121839514
124,8,12,fixed_broad_birth,4.971776018277798,3.4610932762158644,3.4610932762158644
124,8,12,measurement_driven_birth,4.676621723691255,4.08248290463863,2.165063509461097
124,8,12,dp_delayed_recluster,4.163933291064694,3.227486121839514,2.5
124,12,8,fixed_broad_birth,4.327166751564273,2.7950849718747373,3.227486121839514
124,12,8,measurement_driven_birth,4.2020211000226055,3.38501600193165,2.3935677693908453
124,12,8,dp_delayed_recluster,3.529928693182607,2.6020824993326657,2.282177322938192
124,16,6,fixed_broad_birth,4.134284699750382,2.5,3.1457643480294792
124,16,6,measurement_driven_birth,3.7854082784252148,3.1457643480294792,2.041241452319315
124,16,6,dp_delayed_recluster,3.2758105288380106,2.3935677693908453,2.165063509461097
125,6,16,fixed_broad_birth,5.743767604013633,4.08248290463863,3.952847075210474
125,6,16,measurement_driven_birth,5.827041968926739,5.0518148554092255,2.7950849718747373
125,6,16,dp_delayed_recluster,5.073140304211426,4.08248290463863,2.886751345948129
125,8,12,fixed_broad_birth,5.262486355201965,3.0618621784789726,4.208127057650866
125,8,12,measurement_driven_birth,4.622056594743532,3.886407938787006,2.3935677693908453
125,8,12,dp_delayed_recluster,3.8983223208324347,2.7003086243366083,2.7003086243366083
125,12,8,fixed_broad_birth,4.328554754464375,2.3935677693908453,3.5355339059327378
125,12,8,measurement_driven_birth,3.88054846080419,3.1457643480294792,2.165063509461097
125,12,8,dp_delayed_recluster,3.8088664688115164,2.3935677693908453,2.886751345948129
125,16,6,fixed_broad_birth,3.4346699010510795,1.9094065395649333,2.7950849718747373
125,16,6,measurement_driven_birth,3.506082985820421,2.7003086243366083,2.165063509461097
125,16,6,dp_delayed_recluster,3.0482496045733254,1.7677669529663689,2.3935677693908453
126,6,16,fixed_broad_birth,5.495569049270357,4.018187817080398,3.608439182435161
126,6,16,measurement_driven_birth,5.541912128916693,4.7871355387816905,2.6020824993326657
126,6,16,dp_delayed_recluster,5.145325056625388,4.018187817080398,3.0618621784789726
126,8,12,fixed_broad_birth,5.27597840958089,3.38501600193165,3.952847075210474
126,8,12,measurement_driven_birth,4.690336768699851,4.018187817080398,2.282177322938192
126,8,12,dp_delayed_recluster,4.863806891970937,3.886407938787006,2.7950849718747373
126,12,8,fixed_broad_birth,4.45395894409667,2.886751345948129,3.307189138830738
126,12,8,measurement_driven_birth,4.008895619394104,3.5355339059327378,1.7677669529663689
126,12,8,dp_delayed_recluster,3.75027159939093,2.7003086243366083,2.5
126,16,6,fixed_broad_birth,3.86459353378959,2.041241452319315,3.227486121839514
126,16,6,measurement_driven_birth,3.3569527144398754,2.7003086243366083,1.9094065395649333
126,16,6,dp_delayed_recluster,3.362961211492676,2.282177322938192,2.3935677693908453
127,6,16,fixed_broad_birth,5.581958027029991,3.886407938787006,3.886407938787006
127,6,16,measurement_driven_birth,5.695110860294656,4.621056877670591,2.9755951785595207
127,6,16,dp_delayed_recluster,5.033951718033349,3.886407938787006,2.9755951785595207
127,8,12,fixed_broad_birth,5.213093493431018,3.0618621784789726,4.14578098794425
127,8,12,measurement_driven_birth,4.835531829238118,3.8188130791298667,2.886751345948129
127,8,12,dp_delayed_recluster,4.15594852167341,2.7003086243366083,3.0618621784789726
127,12,8,fixed_broad_birth,4.8347464692563165,2.3935677693908453,4.08248290463863
127,12,8,measurement_driven_birth,4.05347659124003,2.9755951785595207,2.7003086243366083
127,12,8,dp_delayed_recluster,3.855359352342989,2.5,2.886751345948129
127,16,6,fixed_broad_birth,4.21724871545201,2.5,3.307189138830738
127,16,6,measurement_driven_birth,3.8610211032060433,3.227486121839514,2.041241452319315
127,16,6,dp_delayed_recluster,3.6829851236068145,2.5,2.6020824993326657
128,6,16,fixed_broad_birth,5.265316625747617,3.38501600193165,3.886407938787006
128,6,16,measurement_driven_birth,5.393178091665742,4.564354645876384,2.5
128,6,16,dp_delayed_recluster,4.640292454350666,3.227486121839514,3.227486121839514
128,8,12,fixed_broad_birth,5.161447886309052,2.9755951785595207,4.14578098794425
128,8,12,measurement_driven_birth,4.570065076926614,3.952847075210474,2.165063509461097
128,8,12,dp_delayed_recluster,4.489985230433878,3.227486121839514,2.9755951785595207
128,12,8,fixed_broad_birth,4.53422413500368,2.9755951785595207,3.38501600193165
128,12,8,measurement_driven_birth,4.58477312892827,3.886407938787006,2.3935677693908453
128,12,8,dp_delayed_recluster,4.384575304847767,3.5355339059327378,2.5
128,16,6,fixed_broad_birth,4.305552811424644,2.165063509461097,3.679900360969936
128,16,6,measurement_driven_birth,3.5731150258627613,2.7950849718747373,2.165063509461097
128,16,6,dp_delayed_recluster,3.58321516577526,2.3935677693908453,2.6020824993326657
129,6,16,fixed_broad_birth,5.913836799240615,4.330127018922194,3.886407938787006
129,6,16,measurement_driven_birth,6.07963843728927,5.35218024111047,2.7003086243366083
129,6,16,dp_delayed_recluster,5.1114334085312825,4.018187817080398,2.9755951785595207
129,8,12,fixed_broad_birth,4.735164046414533,2.886751345948129,3.679900360969936
129,8,12,measurement_driven_birth,4.5575288017030235,3.8188130791298667,2.3935677693908453
129,8,12,dp_delayed_recluster,4.4526988562398095,3.1457643480294792,3.0618621784789726
129,12,8,fixed_broad_birth,4.192623887133349,2.5,3.307189138830738
129,12,8,measurement_driven_birth,4.059521144011952,3.227486121839514,2.3935677693908453
129,12,8,dp_delayed_recluster,3.796081983341521,2.5,2.7950849718747373
129,16,6,fixed_broad_birth,3.6605339390943956,2.041241452319315,2.9755951785595207
129,16,6,measurement_driven_birth,3.7156105065995417,3.1457643480294792,1.9094065395649333
129,16,6,dp_delayed_recluster,3.9854130559835728,3.1457643480294792,2.3935677693908453
130,6,16,fixed_broad_birth,5.956840883371926,4.269562819149833,4.018187817080398
130,6,16,measurement_driven_birth,6.213923346730517,5.400617248673217,2.9755951785595207
130,6,16,dp_delayed_recluster,5.3694131051409935,4.389855730355308,2.886751345948129
130,8,12,fixed_broad_birth,5.391340997457973,2.9755951785595207,4.389855730355308
130,8,12,measurement_driven_birth,4.982009439833909,3.886407938787006,2.9755951785595207
130,8,12,dp_delayed_recluster,4.740272022049091,3.608439182435161,2.9755951785595207
130,12,8,fixed_broad_birth,4.13160448437355,2.165063509461097,3.4610932762158644
130,12,8,measurement_driven_birth,3.441227223584412,2.886751345948129,1.7677669529663689
130,12,8,dp_delayed_recluster,3.467120466319968,2.041241452319315,2.7003086243366083
130,16,6,fixed_broad_birth,3.955960709993142,2.3935677693908453,3.0618621784789726
130,16,6,measurement_driven_birth,3.8006089352771486,3.227486121839514,1.9094065395649333
130,16,6,dp_delayed_recluster,3.382035621866218,2.3935677693908453,2.282177322938192
131,6,16,fixed_broad_birth,5.3407949078365995,3.886407938787006,3.5355339059327378
131,6,16,measurement_driven_birth,5.325733756568327,4.330127018922194,2.9755951785595207
131,6,16,dp_delayed_recluster,5.140978447164463,3.952847075210474,3.1457643480294792
131,8,12,fixed_broad_birth,5.251256448882384,3.8188130791298667,3.5355339059327378
131,8,12,measurement_driven_birth,4.887885121498351,4.269562819149833,2.282177322938192
131,8,12,dp_delayed_recluster,5.6062941904471195,4.677071733467427,2.9755951785595207
131,12,8,fixed_broad_birth,4.545107590320341,3.227486121839514,3.1457643480294792
131,12,8,measurement_driven_birth,4.537876770045918,4.14578098794425,1.7677669529663689
131,12,8,dp_delayed_recluster,4.373873928505036,3.5355339059327378,2.5
131,16,6,fixed_broad_birth,3.461630032538029,2.165063509461097,2.6020824993326657
131,16,6,measurement_driven_birth,3.302798270376627,2.6020824993326657,1.9094065395649333
131,16,6,dp_delayed_recluster,3.4841473175290196,2.3935677693908453,2.3935677693908453
132,6,16,fixed_broad_birth,5.844987279363308,4.330127018922194,3.8188130791298667
132,6,16,measurement_driven_birth,6.008904247156204,5.0518148554092255,3.1457643480294792
132,6,16,dp_delayed_recluster,5.562931852378289,4.330127018922194,3.38501600193165
132,8,12,fixed_broad_birth,5.059087425320378,3.307189138830738,3.75
132,8,12,measurement_driven_birth,4.896761559997468,3.952847075210474,2.7950849718747373
132,8,12,dp_delayed_recluster,5.114079065924425,4.018187817080398,3.0618621784789726
132,12,8,fixed_broad_birth,4.951991519961193,2.7950849718747373,4.018187817080398
132,12,8,measurement_driven_birth,4.386686018029442,3.679900360969936,2.282177322938192
132,12,8,dp_delayed_recluster,4.018713251526046,2.6020824993326657,2.9755951785595207
132,16,6,fixed_broad_birth,4.716637984585967,2.6020824993326657,3.886407938787006
132,16,6,measurement_driven_birth,3.7259337866752666,3.227486121839514,1.7677669529663689
132,16,6,dp_delayed_recluster,4.6039000334956715,3.608439182435161,2.7950849718747373
133,6,16,fixed_broad_birth,5.608330156580424,3.75,4.08248290463863
133,6,16,measurement_driven_birth,5.5548531919154485,4.621056877670591,2.9755951785595207
133,6,16,dp_delayed_recluster,4.96174786248409,3.608439182435161,3.307189138830738
133,8,12,fixed_broad_birth,4.9768024309052885,3.0618621784789726,3.8188130791298667
133,8,12,measurement_driven_birth,4.951931122901439,4.330127018922194,2.282177322938192
133,8,12,dp_delayed_recluster,4.119003496349869,2.886751345948129,2.7950849718747373
133,12,8,fixed_broad_birth,4.716907672618516,3.1457643480294792,3.4610932762158644
133,12,8,measurement_driven_birth,4.425862330056065,3.886407938787006,2.041241452319315
133,12,8,dp_delayed_recluster,4.069037848489621,3.1457643480294792,2.5
133,16,6,fixed_broad_birth,4.422435497220066,2.5,3.608439182435161
133,16,6,measurement_driven_birth,3.8492931502795864,3.227486121839514,2.041241452319315
133,16,6,dp_delayed_recluster,3.7817285163042396,2.7003086243366083,2.6020824993326657
134,6,16,fixed_broad_birth,5.473489984167482,4.269562819149833,3.307189138830738
134,6,16,measurement_driven_birth,5.78944377272727,5.0518148554092255,2.7003086243366083
134,6,16,dp_delayed_recluster,5.796297329641771,4.732423621500228,2.9755951785595207
134,8,12,fixed_broad_birth,4.961568804779984,3.4610932762158644,3.4610932762158644
134,8,12,measurement_driven_birth,5.006241435629437,4.448782605013046,2.165063509461097
134,8,12,dp_delayed_recluster,4.361978933442936,3.307189138830738,2.7003086243366083
134,12,8,fixed_broad_birth,4.320754870070891,2.7003086243366083,3.307189138830738
134,12,8,measurement_driven_birth,3.934181803039981,3.227486121839514,2.165063509461097
134,12,8,dp_delayed_recluster,4.302817943340516,3.4610932762158644,2.3935677693908453
134,16,6,fixed_broad_birth,4.00143765569322,2.165063509461097,3.307189138830738
134,16,6,measurement_driven_birth,3.5136857829046417,2.7950849718747373,2.041241452319315
134,16,6,dp_delayed_recluster,3.363778838032548,2.282177322938192,2.3935677693908453
135,6,16,fixed_broad_birth,5.729297660803426,3.886407938787006,4.08248290463863
135,6,16,measurement_driven_birth,5.71046116518996,4.947642536265799,2.7003086243366083
135,6,16,dp_delayed_recluster,5.287500431398077,4.269562819149833,2.9755951785595207
135,8,12,fixed_broad_birth,5.120686348290823,3.227486121839514,3.8188130791298667
135,8,12,measurement_driven_birth,4.925272135467886,4.08248290463863,2.6020824993326657
135,8,12,dp_delayed_recluster,4.407061486423838,3.1457643480294792,2.886751345948129
135,12,8,fixed_broad_birth,4.2697263276536646,2.3935677693908453,3.4610932762158644
135,12,8,measurement_driven_birth,3.8118441211315957,3.227486121839514,1.9094065395649333
135,12,8,dp_delayed_recluster,3.457121560113485,2.3935677693908453,2.3935677693908453
135,16,6,fixed_broad_birth,3.9226592721057907,1.9094065395649333,3.38501600193165
135,16,6,measurement_driven_birth,3.01956938549969,2.5,1.613743060919757
135,16,6,dp_delayed_recluster,3.2689610657780133,1.9094065395649333,2.6020824993326657
136,6,16,fixed_broad_birth,5.799625492194658,3.8188130791298667,4.269562819149833
136,6,16,measurement_driven_birth,5.607677706625359,4.677071733467427,2.9755951785595207
136,6,16,dp_delayed_recluster,5.043026956397817,3.886407938787006,3.0618621784789726
136,8,12,fixed_broad_birth,5.031604102797805,3.679900360969936,3.307189138830738
136,8,12,measurement_driven_birth,5.105021561477752,4.330127018922194,2.6020824993326657
136,8,12,dp_delayed_recluster,4.160193037584641,3.307189138830738,2.3935677693908453
136,12,8,fixed_broad_birth,4.684914858052307,2.9755951785595207,3.5355339059327378
136,12,8,measurement_driven_birth,4.196447999599008,3.679900360969936,1.9094065395649333
136,12,8,dp_delayed_recluster,3.884517395640783,2.9755951785595207,2.3935677693908453
136,16,6,fixed_broad_birth,4.3476479213369,2.3935677693908453,3.5355339059327378
136,16,6,measurement_driven_birth,3.7809273423829377,3.227486121839514,1.9094065395649333
136,16,6,dp_delayed_recluster,4.5268129888188,3.4610932762158644,2.7950849718747373
137,6,16,fixed_broad_birth,5.343070392760037,3.75,3.679900360969936
137,6,16,measurement_driven_birth,5.088679460704359,4.269562819149833,2.6020824993326657
137,6,16,dp_delayed_recluster,4.949645198495373,3.679900360969936,3.1457643480294792
137,8,12,fixed_broad_birth,4.991539208803762,3.307189138830738,3.608439182435161
137,8,12,measurement_driven_birth,4.601791648177994,4.08248290463863,1.9094065395649333
137,8,12,dp_delayed_recluster,4.982268682465798,4.08248290463863,2.7003086243366083
137,12,8,fixed_broad_birth,4.49569617333013,2.6020824993326657,3.608439182435161
137,12,8,measurement_driven_birth,4.064684121192515,3.227486121839514,2.3935677693908453
137,12,8,dp_delayed_recluster,4.109551958277839,2.886751345948129,2.7003086243366083
137,16,6,fixed_broad_birth,3.9415289718421302,2.041241452319315,3.227486121839514
137,16,6,measurement_driven_birth,3.721193210531919,2.9755951785595207,2.165063509461097
137,16,6,dp_delayed_recluster,3.4410542042868633,2.165063509461097,2.6020824993326657
138,6,16,fixed_broad_birth,5.899077155873467,3.608439182435161,4.564354645876384
138,6,16,measurement_driven_birth,5.360693267053278,4.448782605013046,2.7950849718747373
138,6,16,dp_delayed_recluster,5.0854849046393955,3.5355339059327378,3.5355339059327378
138,8,12,fixed_broad_birth,4.981038309276182,3.4610932762158644,3.38501600193165
138,8,12,measurement_driven_birth,4.83853486853689,4.269562819149833,2.165063509461097
138,8,12,dp_delayed_recluster,4.463618124066561,3.38501600193165,2.7950849718747373
138,12,8,fixed_broad_birth,4.157271363657678,2.165063509461097,3.38501600193165
138,12,8,measurement_driven_birth,4.1288687825484605,3.227486121839514,2.5
138,12,8,dp_delayed_recluster,3.672774836135459,2.5,2.6020824993326657
138,16,6,fixed_broad_birth,4.509146099343651,2.7950849718747373,3.4610932762158644
138,16,6,measurement_driven_birth,3.599401081278474,2.9755951785595207,1.9094065395649333
138,16,6,dp_delayed_recluster,3.939503689145706,2.6020824993326657,2.886751345948129
139,6,16,fixed_broad_birth,5.7273325546163365,3.8188130791298667,4.14578098794425
139,6,16,measurement_driven_birth,5.576651727989427,4.732423621500228,2.7950849718747373
139,6,16,dp_delayed_recluster,4.954860450453898,3.75,3.0618621784789726
139,8,12,fixed_broad_birth,4.791177392769563,2.9755951785595207,3.679900360969936
139,8,12,measurement_driven_birth,4.619785905671425,3.679900360969936,2.7003086243366083
139,8,12,dp_delayed_recluster,4.276912477724233,2.886751345948129,3.0618621784789726
139,12,8,fixed_broad_birth,4.185165331721079,2.5,3.307189138830738
139,12,8,measurement_driven_birth,3.5767150325440245,2.886751345948129,2.041241452319315
139,12,8,dp_delayed_recluster,3.672230344797735,2.3935677693908453,2.7003086243366083
139,16,6,fixed_broad_birth,4.130245151064699,2.3935677693908453,3.307189138830738
139,16,6,measurement_driven_birth,3.852059964813736,2.9755951785595207,2.3935677693908453
139,16,6,dp_delayed_recluster,3.8668162139584488,2.7950849718747373,2.6020824993326657
140,6,16,fixed_broad_birth,4.870073461612731,3.0618621784789726,3.5355339059327378
140,6,16,measurement_driven_birth,5.388672064134603,4.448782605013046,2.886751345948129
140,6,16,dp_delayed_recluster,4.396713065913793,3.1457643480294792,2.886751345948129
140,8,12,fixed_broad_birth,4.824507075571433,3.0618621784789726,3.608439182435161
140,8,12,measurement_driven_birth,4.6401822583148,3.8188130791298667,2.5
140,8,12,dp_delayed_recluster,4.112414500819776,3.227486121839514,2.3935677693908453
140,12,8,fixed_broad_birth,4.982894703725383,3.307189138830738,3.608439182435161
140,12,8,measurement_driven_birth,4.193527459270116,3.4610932762158644,2.282177322938192
140,12,8,dp_delayed_recluster,4.14478308084972,3.1457643480294792,2.6020824993326657
140,16,6,fixed_broad_birth,4.762964304905162,2.7003086243366083,3.886407938787006
140,16,6,measurement_driven_birth,4.045477218977601,3.307189138830738,2.282177322938192
140,16,6,dp_delayed_recluster,3.8609427023770566,2.7003086243366083,2.7003086243366083
141,6,16,fixed_broad_birth,5.283072072858588,3.38501600193165,3.952847075210474
141,6,16,measurement_driven_birth,5.513187262135666,4.5069390943299865,3.0618621784789726
141,6,16,dp_delayed_recluster,4.89675695730507,3.5355339059327378,3.227486121839514
141,8,12,fixed_broad_birth,4.963928290580915,3.4610932762158644,3.4610932762158644
141,8,12,measurement_driven_birth,4.9498259565614875,4.269562819149833,2.3935677693908453
141,8,12,dp_delayed_recluster,5.061750695277993,4.208127057650866,2.7003086243366083
141,12,8,fixed_broad_birth,4.929906291091833,3.307189138830738,3.608439182435161
141,12,8,measurement_driven_birth,3.930655275501596,3.227486121839514,2.165063509461097
141,12,8,dp_delayed_recluster,4.498381309664851,3.5355339059327378,2.7003086243366083
141,16,6,fixed_broad_birth,4.175409672684445,2.165063509461097,3.5355339059327378
141,16,6,measurement_driven_birth,3.6395715737858136,2.7950849718747373,2.282177322938192
141,16,6,dp_delayed_recluster,3.4994226629132554,2.041241452319315,2.7950849718747373
142,6,16,fixed_broad_birth,5.494465731563145,3.307189138830738,4.14578098794425
142,6,16,measurement_driven_birth,5.408161920441955,4.621056877670591,2.7003086243366083
142,6,16,dp_delayed_recluster,4.755689707607433,3.4610932762158644,3.0618621784789726
142,8,12,fixed_broad_birth,5.277437496867226,3.75,3.608439182435161
142,8,12,measurement_driven_birth,5.168301232167155,4.5069390943299865,2.3935677693908453
142,8,12,dp_delayed_recluster,4.537186338856302,3.5355339059327378,2.7003086243366083
142,12,8,fixed_broad_birth,4.7421801942829775,2.6020824993326657,3.886407938787006
142,12,8,measurement_driven_birth,3.5826264919311317,3.0618621784789726,1.7677669529663689
142,12,8,dp_delayed_recluster,3.5369057903438916,2.5,2.3935677693908453
142,16,6,fixed_broad_birth,4.24304327897413,2.5,3.38501600193165
142,16,6,measurement_driven_birth,3.5713420152434194,3.227486121839514,1.4433756729740645
142,16,6,dp_delayed_recluster,3.649758749501997,2.6020824993326657,2.5
143,6,16,fixed_broad_birth,5.395251290518451,3.75,3.75
143,6,16,measurement_driven_birth,5.286091419364825,4.677071733467427,2.041241452319315
143,6,16,dp_delayed_recluster,4.423204029682153,3.38501600193165,2.7003086243366083
143,8,12,fixed_broad_birth,4.726012023400151,2.9755951785595207,3.5355339059327378
143,8,12,measurement_driven_birth,4.854724716158583,3.952847075210474,2.7003086243366083
143,8,12,dp_delayed_recluster,4.322212146339596,2.9755951785595207,2.9755951785595207
143,12,8,fixed_broad_birth,4.738207789731115,3.0618621784789726,3.5355339059327378
143,12,8,measurement_driven_birth,4.375358760477176,3.75,2.165063509461097
143,12,8,dp_delayed_recluster,4.435248113027674,3.679900360969936,2.3935677693908453
143,16,6,fixed_broad_birth,4.252031190076325,2.165063509461097,3.608439182435161
143,16,6,measurement_driven_birth,3.6470701850570815,2.6020824993326657,2.5
143,16,6,dp_delayed_recluster,4.921428623181683,3.8188130791298667,3.0618621784789726
144,6,16,fixed_broad_birth,5.513465591286658,3.952847075210474,3.75
144,6,16,measurement_driven_birth,5.7850637763635175,5.0,2.7950849718747373
144,6,16,dp_delayed_recluster,4.87034702464755,3.8188130791298667,2.886751345948129
144,8,12,fixed_broad_birth,4.80131358497196,3.1457643480294792,3.5355339059327378
144,8,12,measurement_driven_birth,4.675501585432936,3.8188130791298667,2.6020824993326657
144,8,12,dp_delayed_recluster,4.0481358903833,2.886751345948129,2.7003086243366083
144,12,8,fixed_broad_birth,4.18834528112422,2.7950849718747373,3.0618621784789726
144,12,8,measurement_driven_birth,4.057370667236857,3.5355339059327378,1.9094065395649333
144,12,8,dp_delayed_recluster,3.666676236936426,2.886751345948129,2.165063509461097
144,16,6,fixed_broad_birth,3.5791715137505364,1.9094065395649333,2.9755951785595207
144,16,6,measurement_driven_birth,3.34988078485755,2.6020824993326657,2.041241452319315
144,16,6,dp_delayed_recluster,3.112063375243342,2.041241452319315,2.282177322938192
145,6,16,fixed_broad_birth,5.135080349633572,3.952847075210474,3.1457643480294792
145,6,16,measurement_driven_birth,5.42486365272973,4.732423621500228,2.5
145,6,16,dp_delayed_recluster,4.832168365270903,3.952847075210474,2.6020824993326657
145,8,12,fixed_broad_birth,4.5677083520074095,3.0618621784789726,3.307189138830738
145,8,12,measurement_driven_birth,4.619246366042089,3.886407938787006,2.3935677693908453
145,8,12,dp_delayed_recluster,4.235987347273155,3.227486121839514,2.6020824993326657
145,12,8,fixed_broad_birth,4.073920599704379,2.165063509461097,3.38501600193165
145,12,8,measurement_driven_birth,3.801640032477076,2.9755951785595207,2.282177322938192
145,12,8,dp_delayed_recluster,3.524636854368991,2.282177322938192,2.6020824993326657
145,16,6,fixed_broad_birth,3.6601733409000374,2.041241452319315,2.9755951785595207
145,16,6,measurement_driven_birth,3.1227454265240637,2.5,1.7677669529663689
145,16,6,dp_delayed_recluster,3.108532013508021,2.041241452319315,2.282177322938192
146,6,16,fixed_broad_birth,5.748480788032291,3.952847075210474,3.952847075210474
146,6,16,measurement_driven_birth,5.578489090129809,4.894725051862804,2.5
146,6,16,dp_delayed_recluster,5.365585372494303,4.448782605013046,2.7950849718747373
146,8,12,fixed_broad_birth,5.011601753655267,3.608439182435161,3.38501600193165
146,8,12,measurement_driven_birth,5.204518217114766,4.5069390943299865,2.5
146,8,12,dp_delayed_recluster,4.465752553041844,3.38501600193165,2.7950849718747373
146,12,8,fixed_broad_birth,4.43496237645077,2.5,3.608439182435161
146,12,8,measurement_driven_birth,3.7982707312473587,3.227486121839514,1.9094065395649333
146,12,8,dp_delayed_recluster,3.87346460764583,2.7003086243366083,2.7003086243366083
146,16,6,fixed_broad_birth,3.6634709665740743,1.7677669529663689,3.1457643480294792
146,16,6,measurement_driven_birth,3.1987217783093596,2.6020824993326657,1.7677669529663689
146,16,6,dp_delayed_recluster,3.133366460800909,1.9094065395649333,2.3935677693908453
147,6,16,fixed_broad_birth,5.626659731150183,3.5355339059327378,4.269562819149833
147,6,16,measurement_driven_birth,5.481580861905123,4.389855730355308,3.1457643480294792
147,6,16,dp_delayed_recluster,4.611052345234602,3.227486121839514,3.1457643480294792
147,8,12,fixed_broad_birth,4.62841578693286,3.1457643480294792,3.307189138830738
147,8,12,measurement_driven_birth,4.882886721568555,4.08248290463863,2.6020824993326657
147,8,12,dp_delayed_recluster,4.091848300422596,3.0618621784789726,2.6020824993326657
147,12,8,fixed_broad_birth,4.078361917470699,2.5,3.1457643480294792
147,12,8,measurement_driven_birth,4.076208139363788,3.307189138830738,2.282177322938192
147,12,8,dp_delayed_recluster,3.9557644291267677,2.7950849718747373,2.7003086243366083
147,16,6,fixed_broad_birth,4.417110274063863,2.7950849718747373,3.38501600193165
147,16,6,measurement_driven_birth,3.913035358087216,3.307189138830738,2.041241452319315
147,16,6,dp_delayed_recluster,4.109712006722567,3.227486121839514,2.5
148,6,16,fixed_broad_birth,5.519245304636018,3.5355339059327378,4.14578098794425
148,6,16,measurement_driven_birth,5.465832251747183,4.621056877670591,2.7950849718747373
148,6,16,dp_delayed_recluster,4.699562946199515,3.5355339059327378,2.9755951785595207
148,8,12,fixed_broad_birth,5.2078179062908925,3.307189138830738,3.886407938787006
148,8,12,measurement_driven_birth,4.955481472350247,4.330127018922194,2.282177322938192
148,8,12,dp_delayed_recluster,4.36952722405532,3.1457643480294792,2.886751345948129
148,12,8,fixed_broad_birth,4.8457064220009824,2.9755951785595207,3.75
148,12,8,measurement_driven_birth,4.263510657360161,3.75,1.7677669529663689
148,12,8,dp_delayed_recluster,4.907839373622602,3.952847075210474,2.7950849718747373
148,16,6,fixed_broad_birth,4.249520836178943,1.9094065395649333,3.75
148,16,6,measurement_driven_birth,3.4294177749380994,2.5,2.282177322938192
148,16,6,dp_delayed_recluster,3.7322023081552556,2.165063509461097,2.9755951785595207
149,6,16,fixed_broad_birth,4.955706015135342,3.0618621784789726,3.75
149,6,16,measurement_driven_birth,5.285495962082257,4.330127018922194,2.886751345948129
149,6,16,dp_delayed_recluster,5.1989856768719385,4.14578098794425,2.9755951785595207
149,8,12,fixed_broad_birth,5.162300986083053,3.0618621784789726,4.018187817080398
149,8,12,measurement_driven_birth,4.854323786604015,3.886407938787006,2.7950849718747373
149,8,12,dp_delayed_recluster,4.540680503854645,3.1457643480294792,3.1457643480294792
149,12,8,fixed_broad_birth,3.8215866170876462,2.282177322938192,2.886751345948129
149,12,8,measurement_driven_birth,3.430583884751268,2.886751345948129,1.7677669529663689
149,12,8,dp_delayed_recluster,3.7552838919048974,2.886751345948129,2.165063509461097
149,16,6,fixed_broad_birth,4.050308480613967,2.282177322938192,3.307189138830738
149,16,6,measurement_driven_birth,3.6457452674733632,3.1457643480294792,1.7677669529663689
149,16,6,dp_delayed_recluster,3.7087223662133377,2.3935677693908453,2.7950849718747373
150,6,16,fixed_broad_birth,5.547599457019348,4.269562819149833,3.38501600193165
150,6,16,measurement_driven_birth,5.661557973533969,4.7871355387816905,2.886751345948129
150,6,16,dp_delayed_recluster,5.465880905508681,4.677071733467427,2.6020824993326657
150,8,12,fixed_broad_birth,4.658641822547743,2.9755951785595207,3.4610932762158644
150,8,12,measurement_driven_birth,4.5850726463241696,3.886407938787006,2.282177322938192
150,8,12,dp_delayed_recluster,4.497943708842957,3.4610932762158644,2.7003086243366083
150,12,8,fixed_broad_birth,4.295741303883969,2.886751345948129,3.0618621784789726
150,12,8,measurement_driven_birth,4.251995126073224,3.608439182435161,2.165063509461097
150,12,8,dp_delayed_recluster,4.431766125842898,3.38501600193165,2.7003086243366083
150,16,6,fixed_broad_birth,4.663775338113656,2.886751345948129,3.608439182435161
150,16,6,measurement_driven_birth,4.253051427134827,3.608439182435161,2.165063509461097
150,16,6,dp_delayed_recluster,3.803352689623001,2.5,2.7950849718747373
151,6,16,fixed_broad_birth,5.51480199617994,3.952847075210474,3.608439182435161
151,6,16,measurement_driven_birth,5.844769552782872,5.0,2.7003086243366083
151,6,16,dp_delayed_recluster,5.19769487316597,4.018187817080398,3.1457643480294792
151,8,12,fixed_broad_birth,4.458919765163747,2.886751345948129,3.307189138830738
151,8,12,measurement_driven_birth,4.452899863703768,3.608439182435161,2.5
151,8,12,dp_delayed_recluster,4.218163870513295,2.9755951785595207,2.886751345948129
151,12,8,fixed_broad_birth,4.19548733102199,2.9755951785595207,2.886751345948129
151,12,8,measurement_driven_birth,4.192572976930224,3.5355339059327378,2.165063509461097
151,12,8,dp_delayed_recluster,3.7382862460673083,2.9755951785595207,2.165063509461097
151,16,6,fixed_broad_birth,4.140008576499086,2.165063509461097,3.4610932762158644
151,16,6,measurement_driven_birth,3.4422142860659513,2.7003086243366083,2.041241452319315
151,16,6,dp_delayed_recluster,3.286433438198392,2.165063509461097,2.3935677693908453
152,6,16,fixed_broad_birth,4.8168859279359255,3.307189138830738,3.38501600193165
152,6,16,measurement_driven_birth,5.272455461649248,4.389855730355308,2.7950849718747373
152,6,16,dp_delayed_recluster,4.77587560242973,3.75,2.7003086243366083
152,8,12,fixed_broad_birth,5.42403711753246,3.5355339059327378,4.018187817080398
152,8,12,measurement_driven_birth,4.690400383452901,3.886407938787006,2.5
152,8,12,dp_delayed_recluster,4.408712097478545,3.227486121839514,2.886751345948129
152,12,8,fixed_broad_birth,4.710848559521361,2.7950849718747373,3.75
152,12,8,measurement_driven_birth,3.8556976017290654,3.38501600193165,1.7677669529663689
152,12,8,dp_delayed_recluster,4.053943867041455,2.7950849718747373,2.886751345948129
152,16,6,fixed_broad_birth,3.9244729221888424,1.9094065395649333,3.38501600193165
152,16,6,measurement_driven_birth,3.1049478389229885,2.5,1.7677669529663689
152,16,6,dp_delayed_recluster,3.2708067483881895,1.9094065395649333,2.6020824993326657
153,6,16,fixed_broad_birth,5.44410534358994,3.8188130791298667,3.608439182435161
153,6,16,measurement_driven_birth,5.9036152525087,5.204164998665331,2.3935677693908453
153,6,16,dp_delayed_recluster,4.9125313628005625,3.952847075210474,2.7003086243366083
153,8,12,fixed_broad_birth,5.733778083354554,4.269562819149833,3.75
153,8,12,measurement_driven_birth,5.633311515318187,4.841229182759271,2.7950849718747373
153,8,12,dp_delayed_recluster,5.222604694442263,4.208127057650866,2.9755951785595207
153,12,8,fixed_broad_birth,4.3846605607400155,2.7003086243366083,3.38501600193165
153,12,8,measurement_driven_birth,4.190949409293141,3.5355339059327378,2.165063509461097
153,12,8,dp_delayed_recluster,3.740704919981412,2.7003086243366083,2.5
153,16,6,fixed_broad_birth,3.6545191053694,2.165063509461097,2.886751345948129
153,16,6,measurement_driven_birth,3.267848959007999,2.7950849718747373,1.613743060919757
153,16,6,dp_delayed_recluster,3.292199353480782,2.3935677693908453,2.165063509461097
154,6,16,fixed_broad_birth,5.767648517537451,3.75,4.14578098794425
154,6,16,measurement_driven_birth,5.424316806887101,4.677071733467427,2.6020824993326657
154,6,16,dp_delayed_recluster,5.8396574419269465,4.841229182759271,3.0618621784789726
154,8,12,fixed_broad_birth,5.177177602868301,3.1457643480294792,4.018187817080398
154,8,12,measurement_driven_birth,4.8050488944625664,3.886407938787006,2.7003086243366083
154,8,12,dp_delayed_recluster,4.915184622223257,3.307189138830738,3.5355339059327378
154,12,8,fixed_broad_birth,3.936213634148071,2.282177322938192,3.1457643480294792
154,12,8,measurement_driven_birth,3.5812436109098003,2.9755951785595207,1.9094065395649333
154,12,8,dp_delayed_recluster,3.8754181103469385,2.6020824993326657,2.7950849718747373
154,16,6,fixed_broad_birth,3.7178553107035315,2.165063509461097,2.9755951785595207
154,16,6,measurement_driven_birth,3.264994324843067,2.886751345948129,1.4433756729740645
154,16,6,dp_delayed_recluster,3.509226851855307,2.282177322938192,2.6020824993326657
155,6,16,fixed_broad_birth,5.235483021706622,3.608439182435161,3.608439182435161
155,6,16,measurement_driven_birth,5.327752112297434,4.448782605013046,2.7950849718747373
155,6,16,dp_delayed_recluster,4.951692478434893,3.886407938787006,2.886751345948129
155,8,12,fixed_broad_birth,5.55530418053385,3.608439182435161,4.14578098794425
155,8,12,measurement_driven_birth,5.303818369854719,4.389855730355308,2.886751345948129
155,8,12,dp_delayed_recluster,4.746466904280223,3.5355339059327378,3.0618621784789726
155,12,8,fixed_broad_birth,4.433221228601691,2.7950849718747373,3.38501600193165
155,12,8,measurement_driven_birth,3.787082626928545,2.9755951785595207,2.282177322938192
155,12,8,dp_delayed_recluster,3.898784331926129,2.7003086243366083,2.7003086243366083
155,16,6,fixed_broad_birth,4.54395904832906,2.6020824993326657,3.679900360969936
155,16,6,measurement_driven_birth,3.718392114512225,3.1457643480294792,1.9094065395649333
155,16,6,dp_delayed_recluster,3.876573918254137,2.7950849718747373,2.6020824993326657
156,6,16,fixed_broad_birth,5.314652496759952,3.75,3.679900360969936
156,6,16,measurement_driven_birth,5.355174412960716,4.7871355387816905,2.282177322938192
156,6,16,dp_delayed_recluster,5.0341355394644784,4.018187817080398,2.886751345948129
156,8,12,fixed_broad_birth,5.082970780616737,3.4610932762158644,3.608439182435161
156,8,12,measurement_driven_birth,5.018453272096086,4.269562819149833,2.5
156,8,12,dp_delayed_recluster,4.385190281256612,3.38501600193165,2.6020824993326657
156,12,8,fixed_broad_birth,4.3273159929117755,2.282177322938192,3.608439182435161
156,12,8,measurement_driven_birth,3.600445370998434,3.0618621784789726,1.7677669529663689
156,12,8,dp_delayed_recluster,3.6028568761087034,2.3935677693908453,2.6020824993326657
156,16,6,fixed_broad_birth,4.447418082113305,2.165063509461097,3.8188130791298667
156,16,6,measurement_driven_birth,3.5837192520548418,2.886751345948129,2.041241452319315
156,16,6,dp_delayed_recluster,3.281907071910831,1.7677669529663689,2.7003086243366083
157,6,16,fixed_broad_birth,4.990536980369348,2.886751345948129,3.952847075210474
157,6,16,measurement_driven_birth,5.08281352864225,4.018187817080398,2.9755951785595207
157,6,16,dp_delayed_recluster,4.84545549952436,3.5355339059327378,3.1457643480294792
157,8,12,fixed_broad_birth,4.6761907245504215,3.0618621784789726,3.4610932762158644
157,8,12,measurement_driven_birth,4.630804152762058,3.75,2.5
157,8,12,dp_delayed_recluster,4.018003671129183,2.886751345948129,2.7003086243366083
157,12,8,fixed_broad_birth,5.238724133739073,3.5355339059327378,3.8188130791298667
157,12,8,measurement_driven_birth,4.708004415296172,4.208127057650866,2.041241452319315
157,12,8,dp_delayed_recluster,4.668389564177752,3.886407938787006,2.5
157,16,6,fixed_broad_birth,4.440823362981843,2.7003086243366083,3.4610932762158644
157,16,6,measurement_driven_birth,3.736054944207369,3.307189138830738,1.613743060919757
157,16,6,dp_delayed_recluster,4.07430043700927,3.1457643480294792,2.5
158,6,16,fixed_broad_birth,5.440949047596741,3.8188130791298667,3.608439182435161
158,6,16,measurement_driven_birth,5.80144292069971,5.0,2.6020824993326657
158,6,16,dp_delayed_recluster,4.900316268930294,3.608439182435161,3.1457643480294792
158,8,12,fixed_broad_birth,4.883848288380211,3.1457643480294792,3.608439182435161
158,8,12,measurement_driven_birth,4.613061454969176,3.8188130791298667,2.5
158,8,12,dp_delayed_recluster,5.435258849205698,4.5069390943299865,2.886751345948129
158,12,8,fixed_broad_birth,4.223770153558299,2.6020824993326657,3.227486121839514
158,12,8,measurement_driven_birth,3.967153043816728,3.307189138830738,2.041241452319315
158,12,8,dp_delayed_recluster,4.393930337807249,3.5355339059327378,2.5
158,16,6,fixed_broad_birth,3.948442791154333,1.9094065395649333,3.38501600193165
158,16,6,measurement_driven_birth,3.373856479556506,2.6020824993326657,2.041241452319315
158,16,6,dp_delayed_recluster,3.6049684400136797,2.5,2.5
159,6,16,fixed_broad_birth,5.242368616643045,3.679900360969936,3.5355339059327378
159,6,16,measurement_driven_birth,5.341914527334312,4.448782605013046,2.7003086243366083
159,6,16,dp_delayed_recluster,4.93629833626846,3.8188130791298667,2.886751345948129
159,8,12,fixed_broad_birth,4.389677838071286,2.886751345948129,3.227486121839514
159,8,12,measurement_driven_birth,4.4407290742851195,3.5355339059327378,2.6020824993326657
159,8,12,dp_delayed_recluster,4.022078389916211,2.7003086243366083,2.886751345948129
159,12,8,fixed_broad_birth,4.380711558987307,2.5,3.5355339059327378
159,12,8,measurement_driven_birth,3.866808202692321,3.1457643480294792,2.165063509461097
159,12,8,dp_delayed_recluster,3.667573147650776,2.6020824993326657,2.5
159,16,6,fixed_broad_birth,3.58477533388552,2.041241452319315,2.886751345948129
159,16,6,measurement_driven_birth,3.2838621030437922,2.6020824993326657,1.9094065395649333
159,16,6,dp_delayed_recluster,3.12023073327654,2.282177322938192,2.041241452319315
160,6,16,fixed_broad_birth,4.824433775497098,3.1457643480294792,3.38501600193165
160,6,16,measurement_driven_birth,4.9688852683072735,4.08248290463863,2.5
160,6,16,dp_delayed_recluster,4.48898070382915,3.307189138830738,2.886751345948129
160,8,12,fixed_broad_birth,4.815097137208468,3.227486121839514,3.38501600193165
160,8,12,measurement_driven_birth,4.90570470597435,4.14578098794425,2.5
160,8,12,dp_delayed_recluster,5.0198950933310345,4.08248290463863,2.7950849718747373
160,12,8,fixed_broad_birth,4.446726797534274,2.5,3.608439182435161
160,12,8,measurement_driven_birth,3.8737249644703255,3.227486121839514,2.041241452319315
160,12,8,dp_delayed_recluster,3.6790415444082627,2.3935677693908453,2.7003086243366083
160,16,6,fixed_broad_birth,4.619768464841678,2.7950849718747373,3.5355339059327378
160,16,6,measurement_driven_birth,3.80242846771095,3.38501600193165,1.613743060919757
160,16,6,dp_delayed_recluster,4.2194395349559395,3.0618621784789726,2.7003086243366083
161,6,16,fixed_broad_birth,5.621634701096408,3.679900360969936,4.14578098794425
161,6,16,measurement_driven_birth,5.333741896109251,4.448782605013046,2.7950849718747373
161,6,16,dp_delayed_recluster,5.925080631084175,4.894725051862804,2.886751345948129
161,8,12,fixed_broad_birth,5.30230629326399,3.5355339059327378,3.886407938787006
161,8,12,measurement_driven_birth,5.153425315383322,4.389855730355308,2.6020824993326657
161,8,12,dp_delayed_recluster,4.6402571239236785,3.608439182435161,2.7950849718747373
161,12,8,fixed_broad_birth,4.719124113589084,2.9755951785595207,3.608439182435161
161,12,8,measurement_driven_birth,3.9288535209173556,3.307189138830738,2.041241452319315
161,12,8,dp_delayed_recluster,3.9359024875599893,2.7950849718747373,2.7003086243366083
161,16,6,fixed_broad_birth,3.8068766478475857,1.9094065395649333,3.227486121839514
161,16,6,measurement_driven_birth,3.2872741303532313,2.6020824993326657,1.9094065395649333
161,16,6,dp_delayed_recluster,3.2961750297039725,2.165063509461097,2.3935677693908453
162,6,16,fixed_broad_birth,5.292593879837818,3.8188130791298667,3.5355339059327378
162,6,16,measurement_driven_birth,5.375296346148174,4.621056877670591,2.6020824993326657
162,6,16,dp_delayed_recluster,5.512717005890655,4.5069390943299865,2.9755951785595207
162,8,12,fixed_broad_birth,4.995619140766511,3.1457643480294792,3.75
162,8,12,measurement_driven_birth,4.674128655673534,4.08248290463863,2.165063509461097
162,8,12,dp_delayed_recluster,4.989591383070893,3.952847075210474,2.886751345948129
162,12,8,fixed_broad_birth,4.878241673481444,2.886751345948129,3.886407938787006
162,12,8,measurement_driven_birth,4.1243571805698895,3.5355339059327378,2.041241452319315
162,12,8,dp_delayed_recluster,3.875814215111907,2.7003086243366083,2.7003086243366083
162,16,6,fixed_broad_birth,3.8204505050127966,2.041241452319315,3.1457643480294792
162,16,6,measurement_driven_birth,3.224999368014738,2.6020824993326657,1.7677669529663689
162,16,6,dp_delayed_recluster,3.4622245925781714,2.282177322938192,2.5
163,6,16,fixed_broad_birth,5.5617495419969485,3.4610932762158644,4.208127057650866
163,6,16,measurement_driven_birth,5.289448943611929,4.389855730355308,2.7950849718747373
163,6,16,dp_delayed_recluster,4.975698755725776,3.75,3.1457643480294792
163,8,12,fixed_broad_birth,4.77705466186913,2.7003086243366083,3.8188130791298667
163,8,12,measurement_driven_birth,4.642095654002149,3.75,2.6020824993326657
163,8,12,dp_delayed_recluster,4.558503982935904,3.1457643480294792,3.1457643480294792
163,12,8,fixed_broad_birth,4.202502897226812,2.3935677693908453,3.38501600193165
163,12,8,measurement_driven_birth,3.599475540628129,3.0618621784789726,1.7677669529663689
163,12,8,dp_delayed_recluster,3.7511800007086467,2.3935677693908453,2.7950849718747373
163,16,6,fixed_broad_birth,4.190057423742497,1.9094065395649333,3.679900360969936
163,16,6,measurement_driven_birth,3.434787769556059,2.6020824993326657,2.165063509461097
163,16,6,dp_delayed_recluster,3.4409025375174034,1.9094065395649333,2.7950849718747373
164,6,16,fixed_broad_birth,5.768504317685677,3.5355339059327378,4.448782605013046
164,6,16,measurement_driven_birth,5.365372283306384,4.448782605013046,2.886751345948129
164,6,16,dp_delayed_recluster,5.09225429506968,3.8188130791298667,3.227486121839514
164,8,12,fixed_broad_birth,4.994278888712034,3.38501600193165,3.5355339059327378
164,8,12,measurement_driven_birth,4.855850042833003,4.08248290463863,2.5
164,8,12,dp_delayed_recluster,4.562108942022827,3.5355339059327378,2.7003086243366083
164,12,8,fixed_broad_birth,3.998558449042603,2.5,2.9755951785595207
164,12,8,measurement_driven_birth,4.067006241851079,3.38501600193165,2.165063509461097
164,12,8,dp_delayed_recluster,3.366134004523561,2.5,2.041241452319315
164,16,6,fixed_broad_birth,3.865454993580562,1.9094065395649333,3.307189138830738
164,16,6,measurement_driven_birth,3.3508408569302244,2.7003086243366083,1.9094065395649333
164,16,6,dp_delayed_recluster,3.36773900319031,2.3935677693908453,2.282177322938192
165,6,16,fixed_broad_birth,6.2521327319261575,4.208127057650866,4.448782605013046
165,6,16,measurement_driven_birth,5.786946207164035,5.0518148554092255,2.7003086243366083
165,6,16,dp_delayed_recluster,5.3787429200655525,4.269562819149833,3.1457643480294792
165,8,12,fixed_broad_birth,5.023676074874157,3.227486121839514,3.679900360969936
165,8,12,measurement_driven_birth,4.989083432454742,4.08248290463863,2.7950849718747373
165,8,12,dp_delayed_recluster,4.275430987584342,3.1457643480294792,2.7950849718747373
165,12,8,fixed_broad_birth,5.097250220361229,3.0618621784789726,4.018187817080398
165,12,8,measurement_driven_birth,3.9265517718152654,3.307189138830738,2.041241452319315
165,12,8,dp_delayed_recluster,4.321474791948588,3.38501600193165,2.6020824993326657
165,16,6,fixed_broad_birth,4.367021414808098,2.6020824993326657,3.4610932762158644
165,16,6,measurement_driven_birth,3.5674351519840393,2.9755951785595207,1.9094065395649333
165,16,6,dp_delayed_recluster,3.9355295465943017,2.886751345948129,2.6020824993326657
166,6,16,fixed_broad_birth,5.457095696877946,3.75,3.75
166,6,16,measurement_driven_birth,5.68038346067839,4.7871355387816905,2.7950849718747373
166,6,16,dp_delayed_recluster,5.191280608522125,3.952847075210474,3.227486121839514
166,8,12,fixed_broad_birth,5.078731781166516,3.307189138830738,3.679900360969936
166,8,12,measurement_driven_birth,4.799991944024327,4.08248290463863,2.3935677693908453
166,8,12,dp_delayed_recluster,4.590281226927085,3.38501600193165,2.9755951785595207
166,12,8,fixed_broad_birth,3.849248432977343,1.7677669529663689,3.1457643480294792
166,12,8,measurement_driven_birth,3.587925337746249,2.886751345948129,2.041241452319315
166,12,8,dp_delayed_recluster,3.2986033844867713,2.165063509461097,2.3935677693908453
166,16,6,fixed_broad_birth,4.324070801237088,2.6020824993326657,3.38501600193165
166,16,6,measurement_driven_birth,3.9187321361139498,3.227486121839514,2.165063509461097
166,16,6,dp_delayed_recluster,4.190749120639253,3.227486121839514,2.6020824993326657
167,6,16,fixed_broad_birth,5.397559265905879,3.886407938787006,3.608439182435161
167,6,16,measurement_driven_birth,5.7188189901768105,4.894725051862804,2.7950849718747373
167,6,16,dp_delayed_recluster,4.70179042202613,3.608439182435161,2.886751345948129
167,8,12,fixed_broad_birth,5.096857550050557,3.227486121839514,3.8188130791298667
167,8,12,measurement_driven_birth,4.572036219331126,3.886407938787006,2.282177322938192
167,8,12,dp_delayed_recluster,4.243986808259249,3.307189138830738,2.5
167,12,8,fixed_broad_birth,4.655128478637751,2.7950849718747373,3.679900360969936
167,12,8,measurement_driven_birth,3.9178935411618907,3.307189138830738,2.041241452319315
167,12,8,dp_delayed_recluster,4.054061997851526,2.7950849718747373,2.886751345948129
167,16,6,fixed_broad_birth,4.446858296113384,2.6020824993326657,3.5355339059327378
167,16,6,measurement_driven_birth,3.7793414052030903,3.227486121839514,1.9094065395649333
167,16,6,dp_delayed_recluster,4.495116725565813,3.227486121839514,2.9755951785595207
168,6,16,fixed_broad_birth,5.521782910908886,3.679900360969936,4.018187817080398
168,6,16,measurement_driven_birth,5.87208559000344,5.0518148554092255,2.886751345948129
168,6,16,dp_delayed_recluster,5.039268004493536,3.679900360969936,3.307189138830738
168,8,12,fixed_broad_birth,4.739461617749198,2.886751345948129,3.679900360969936
168,8,12,measurement_driven_birth,4.617571587484028,3.75,2.6020824993326657
168,8,12,dp_delayed_recluster,4.1133982599611665,2.9755951785595207,2.7003086243366083
168,12,8,fixed_broad_birth,4.077900092405183,2.6020824993326657,3.0618621784789726
168,12,8,measurement_driven_birth,3.825590725247488,3.1457643480294792,2.041241452319315
168,12,8,dp_delayed_recluster,4.038417120876742,3.1457643480294792,2.3935677693908453
168,16,6,fixed_broad_birth,4.062086260866976,2.041241452319315,3.4610932762158644
168,16,6,measurement_driven_birth,3.021725117287779,2.5,1.613743060919757
168,16,6,dp_delayed_recluster,3.5765108900030733,1.9094065395649333,2.9755951785595207
169,6,16,fixed_broad_birth,6.164836105493334,4.5069390943299865,4.018187817080398
169,6,16,measurement_driven_birth,6.005304936268653,5.103103630798288,2.7950849718747373
169,6,16,dp_delayed_recluster,5.600091643431979,4.5069390943299865,3.1457643480294792
169,8,12,fixed_broad_birth,5.193903150265856,3.0618621784789726,4.08248290463863
169,8,12,measurement_driven_birth,4.9967186998707005,4.018187817080398,2.7950849718747373
169,8,12,dp_delayed_recluster,4.41491015554308,3.1457643480294792,2.9755951785595207
169,12,8,fixed_broad_birth,4.801665162446162,2.886751345948129,3.679900360969936
169,12,8,measurement_driven_birth,4.338811768153418,3.679900360969936,2.041241452319315
169,12,8,dp_delayed_recluster,3.80965595905274,2.886751345948129,2.3935677693908453
169,16,6,fixed_broad_birth,4.268491414257024,2.5,3.38501600193165
169,16,6,measurement_driven_birth,3.7952228901455167,3.227486121839514,1.9094065395649333
169,16,6,dp_delayed_recluster,3.9915666885678447,2.9755951785595207,2.6020824993326657
170,6,16,fixed_broad_birth,5.352457499686604,3.75,3.679900360969936
170,6,16,measurement_driven_birth,5.33611958074494,4.330127018922194,2.7950849718747373
170,6,16,dp_delayed_recluster,4.946038490278042,3.952847075210474,2.7950849718747373
170,8,12,fixed_broad_birth,4.931905403859128,3.0618621784789726,3.679900360969936
170,8,12,measurement_driven_birth,4.791140201565616,3.886407938787006,2.7003086243366083
170,8,12,dp_delayed_recluster,4.735450564457096,3.608439182435161,2.7950849718747373
170,12,8,fixed_broad_birth,4.763134492680757,2.9755951785595207,3.679900360969936
170,12,8,measurement_driven_birth,4.0536511233917665,3.4610932762158644,2.041241452319315
170,12,8,dp_delayed_recluster,3.792665144826888,2.7950849718747373,2.5
170,16,6,fixed_broad_birth,4.50153943463683,2.041241452319315,3.952847075210474
170,16,6,measurement_driven_birth,3.565351623670439,2.886751345948129,2.041241452319315
170,16,6,dp_delayed_recluster,3.4352007020540967,1.9094065395649333,2.7950849718747373
171,6,16,fixed_broad_birth,5.284335020838827,3.5355339059327378,3.8188130791298667
171,6,16,measurement_driven_birth,5.422741048557758,4.5069390943299865,2.886751345948129
171,6,16,dp_delayed_recluster,5.209973488654639,4.08248290463863,3.0618621784789726
171,8,12,fixed_broad_birth,4.465222387478894,2.9755951785595207,3.227486121839514
171,8,12,measurement_driven_birth,4.4602050426640805,3.608439182435161,2.5
171,8,12,dp_delayed_recluster,4.782237439784983,3.75,2.7950849718747373
171,12,8,fixed_broad_birth,4.322417751471465,2.7950849718747373,3.227486121839514
171,12,8,measurement_driven_birth,4.052355806035775,3.679900360969936,1.613743060919757
171,12,8,dp_delayed_recluster,4.611958989304225,3.75,2.6020824993326657
171,16,6,fixed_broad_birth,5.103971969991015,2.7003086243366083,4.269562819149833
171,16,6,measurement_driven_birth,4.321479444590597,3.38501600193165,2.6020824993326657
171,16,6,dp_delayed_recluster,4.5576354400712065,2.7950849718747373,3.5355339059327378
172,6,16,fixed_broad_birth,5.273264869393505,3.952847075210474,3.38501600193165
172,6,16,measurement_driven_birth,5.552352480024217,4.7871355387816905,2.7003086243366083
172,6,16,dp_delayed_recluster,4.9797936304148305,3.952847075210474,2.886751345948129
172,8,12,fixed_broad_birth,4.60148847729225,2.3935677693908453,3.8188130791298667
172,8,12,measurement_driven_birth,4.462383264678176,3.608439182435161,2.5
172,8,12,dp_delayed_recluster,3.975227436152459,2.5,2.9755951785595207
172,12,8,fixed_broad_birth,4.719380188485324,2.9755951785595207,3.608439182435161
172,12,8,measurement_driven_birth,4.304353219386806,3.608439182435161,2.282177322938192
172,12,8,dp_delayed_recluster,4.194732826961945,3.227486121839514,2.6020824993326657
172,16,6,fixed_broad_birth,4.049135362925459,2.7003086243366083,2.9755951785595207
172,16,6,measurement_driven_birth,3.4931808787096634,2.9755951785595207,1.7677669529663689
172,16,6,dp_delayed_recluster,3.573391801296471,2.7003086243366083,2.282177322938192
173,6,16,fixed_broad_birth,5.783109530799735,4.08248290463863,3.886407938787006
173,6,16,measurement_driven_birth,6.013240671254015,5.153882032022076,2.9755951785595207
173,6,16,dp_delayed_recluster,5.336487022138488,4.269562819149833,2.886751345948129
173,8,12,fixed_broad_birth,4.777187592742333,2.7950849718747373,3.75
173,8,12,measurement_driven_birth,4.531001582952241,3.679900360969936,2.5
173,8,12,dp_delayed_recluster,4.2598399554294595,3.0618621784789726,2.7950849718747373
173,12,8,fixed_broad_birth,3.8900070523067103,2.282177322938192,3.0618621784789726
173,12,8,measurement_driven_birth,3.592935757280817,2.9755951785595207,1.9094065395649333
173,12,8,dp_delayed_recluster,3.4469223492274494,2.282177322938192,2.5
173,16,6,fixed_broad_birth,4.153956495094825,2.3935677693908453,3.227486121839514
173,16,6,measurement_driven_birth,3.5054725885456346,2.9755951785595207,1.7677669529663689
173,16,6,dp_delayed_recluster,3.509877759497255,2.5,2.3935677693908453
174,6,16,fixed_broad_birth,5.319673110588208,3.608439182435161,3.8188130791298667
174,6,16,measurement_driven_birth,5.54440238947213,4.677071733467427,2.886751345948129
174,6,16,dp_delayed_recluster,4.882462345205207,3.608439182435161,3.1457643480294792
174,8,12,fixed_broad_birth,4.854570595330672,3.0618621784789726,3.679900360969936
174,8,12,measurement_driven_birth,4.7938303423761015,3.952847075210474,2.6020824993326657
174,8,12,dp_delayed_recluster,4.404725120032086,2.9755951785595207,3.1457643480294792
174,12,8,fixed_broad_birth,4.669602487498582,2.6020824993326657,3.8188130791298667
174,12,8,measurement_driven_birth,4.119261467019445,3.307189138830738,2.3935677693908453
174,12,8,dp_delayed_recluster,4.3086588952054905,2.6020824993326657,3.38501600193165
174,16,6,fixed_broad_birth,3.9934183275349566,1.7677669529663689,3.5355339059327378
174,16,6,measurement_driven_birth,3.6480627938634407,2.6020824993326657,2.5
174,16,6,dp_delayed_recluster,3.423301618461004,1.7677669529663689,2.886751345948129
175,6,16,fixed_broad_birth,5.483605150341547,4.08248290463863,3.4610932762158644
175,6,16,measurement_driven_birth,5.6479780216734445,4.894725051862804,2.7003086243366083
175,6,16,dp_delayed_recluster,4.8322606042789324,3.75,2.7950849718747373
175,8,12,fixed_broad_birth,4.851987168928727,3.608439182435161,3.1457643480294792
175,8,12,measurement_driven_birth,5.047124219139192,4.389855730355308,2.3935677693908453
175,8,12,dp_delayed_recluster,4.3967628766493965,3.4610932762158644,2.6020824993326657
175,12,8,fixed_broad_birth,4.504726575568171,3.0618621784789726,3.1457643480294792
175,12,8,measurement_driven_birth,4.5860930353566625,3.679900360969936,2.6020824993326657
175,12,8,dp_delayed_recluster,4.053393646940204,2.9755951785595207,2.6020824993326657
175,16,6,fixed_broad_birth,4.479792702435462,2.6020824993326657,3.608439182435161
175,16,6,measurement_driven_birth,4.045410214164589,3.1457643480294792,2.5
175,16,6,dp_delayed_recluster,3.9927570913958377,3.1457643480294792,2.3935677693908453
176,6,16,fixed_broad_birth,5.79007232788113,4.208127057650866,3.886407938787006
176,6,16,measurement_driven_birth,5.780789613366473,5.153882032022076,2.5
176,6,16,dp_delayed_recluster,5.3188157401072935,4.208127057650866,3.0618621784789726
176,8,12,fixed_broad_birth,5.0742185355290905,3.4610932762158644,3.608439182435161
176,8,12,measurement_driven_birth,5.058829981742973,4.448782605013046,2.282177322938192
176,8,12,dp_delayed_recluster,4.347817547126011,3.38501600193165,2.6020824993326657
176,12,8,fixed_broad_birth,4.386713449311089,2.165063509461097,3.75
176,12,8,measurement_driven_birth,3.5274814877258716,2.9755951785595207,1.7677669529663689
176,12,8,dp_delayed_recluster,3.474637995988102,2.3935677693908453,2.3935677693908453
176,16,6,fixed_broad_birth,4.292213265314425,2.7003086243366083,3.227486121839514
176,16,6,measurement_driven_birth,3.858653865171001,3.307189138830738,1.9094065395649333
176,16,6,dp_delayed_recluster,3.779507356318759,2.6020824993326657,2.6020824993326657
177,6,16,fixed_broad_birth,5.347233360162956,3.75,3.679900360969936
177,6,16,measurement_driven_birth,5.382126464309698,4.732423621500228,2.3935677693908453
177,6,16,dp_delayed_recluster,4.9052283106586465,4.08248290463863,2.5
177,8,12,fixed_broad_birth,5.118700985648676,3.227486121839514,3.886407938787006
177,8,12,measurement_driven_birth,4.848917208741425,4.018187817080398,2.6020824993326657
177,8,12,dp_delayed_recluster,4.574231660705087,3.38501600193165,2.9755951785595207
177,12,8,fixed_broad_birth,4.168595363363602,2.3935677693908453,3.227486121839514
177,12,8,measurement_driven_birth,3.8393621641287705,3.307189138830738,1.7677669529663689
177,12,8,dp_delayed_recluster,3.9004725251674985,2.7950849718747373,2.6020824993326657
177,16,6,fixed_broad_birth,4.302692127675689,2.7003086243366083,3.307189138830738
177,16,6,measurement_driven_birth,3.7928141080987756,3.0618621784789726,2.165063509461097
177,16,6,dp_delayed_recluster,3.9274594502845583,2.7003086243366083,2.7950849718747373
178,6,16,fixed_broad_birth,5.747349458245214,4.14578098794425,3.679900360969936
178,6,16,measurement_driven_birth,5.951099554779788,5.204164998665331,2.6020824993326657
178,6,16,dp_delayed_recluster,5.1151543766042105,3.952847075210474,3.1457643480294792
178,8,12,fixed_broad_birth,5.32487052865565,3.38501600193165,4.018187817080398
178,8,12,measurement_driven_birth,5.017499709146833,4.14578098794425,2.7003086243366083
178,8,12,dp_delayed_recluster,4.401253449306714,3.0618621784789726,3.0618621784789726
178,12,8,fixed_broad_birth,4.5102033447148,3.0618621784789726,3.227486121839514
178,12,8,measurement_driven_birth,4.015431732524015,3.608439182435161,1.613743060919757
178,12,8,dp_delayed_recluster,4.297482926922883,3.38501600193165,2.5
178,16,6,fixed_broad_birth,4.127259017957271,2.282177322938192,3.38501600193165
178,16,6,measurement_driven_birth,3.650480160373648,2.9755951785595207,2.041241452319315
178,16,6,dp_delayed_recluster,3.4529364695664237,2.165063509461097,2.6020824993326657
179,6,16,fixed_broad_birth,4.980260483143459,3.4610932762158644,3.4610932762158644
179,6,16,measurement_driven_birth,5.317465041593555,4.5069390943299865,2.7003086243366083
179,6,16,dp_delayed_recluster,4.726496622390335,3.5355339059327378,2.9755951785595207
179,8,12,fixed_broad_birth,5.266878721629432,2.9755951785595207,4.14578098794425
179,8,12,measurement_driven_birth,4.5714011815626145,3.679900360969936,2.6020824993326657
179,8,12,dp_delayed_recluster,4.5315973781905186,2.7950849718747373,3.307189138830738
179,12,8,fixed_broad_birth,3.9702748251676176,2.7003086243366083,2.7950849718747373
179,12,8,measurement_driven_birth,3.7476491700974996,3.38501600193165,1.4433756729740645
179,12,8,dp_delayed_recluster,3.9394708892523727,2.9755951785595207,2.5
179,16,6,fixed_broad_birth,4.118653436292475,2.886751345948129,2.886751345948129
179,16,6,measurement_driven_birth,3.9842003273377062,3.4610932762158644,1.9094065395649333
179,16,6,dp_delayed_recluster,4.234277973772087,3.38501600193165,2.5
180,6,16,fixed_broad_birth,5.717299988765716,3.8188130791298667,4.14578098794425
180,6,16,measurement_driven_birth,5.691903282287733,4.894725051862804,2.7950849718747373
180,6,16,dp_delayed_recluster,4.714155807396871,3.5355339059327378,2.9755951785595207
180,8,12,fixed_broad_birth,5.0033551847403075,3.5355339059327378,3.4610932762158644
180,8,12,measurement_driven_birth,4.843505631072636,4.08248290463863,2.5
180,8,12,dp_delayed_recluster,4.334938434538147,3.5355339059327378,2.3935677693908453
180,12,8,fixed_broad_birth,4.435610341450536,3.1457643480294792,2.886751345948129
180,12,8,measurement_driven_birth,4.415145198451693,3.952847075210474,1.9094065395649333
180,12,8,dp_delayed_recluster,4.012659858588292,3.1457643480294792,2.282177322938192
180,16,6,fixed_broad_birth,3.714154892002466,2.3935677693908453,2.7950849718747373
180,16,6,measurement_driven_birth,3.7808243437450693,2.886751345948129,2.3935677693908453
180,16,6,dp_delayed_recluster,3.349912446746115,2.282177322938192,2.3935677693908453
181,6,16,fixed_broad_birth,5.534532072986429,3.952847075210474,3.75
181,6,16,measurement_driven_birth,5.888647877515605,5.0518148554092255,2.886751345948129
181,6,16,dp_delayed_recluster,5.311266472467906,4.269562819149833,2.886751345948129
181,8,12,fixed_broad_birth,4.800966882754962,3.307189138830738,3.38501600193165
181,8,12,measurement_driven_birth,4.7882409293084915,4.018187817080398,2.5
181,8,12,dp_delayed_recluster,4.576626535567519,3.5355339059327378,2.7950849718747373
181,12,8,fixed_broad_birth,4.2099523256379925,2.7950849718747373,3.0618621784789726
181,12,8,measurement_driven_birth,4.201067225825608,3.5355339059327378,2.165063509461097
181,12,8,dp_delayed_recluster,3.605647512842859,2.5,2.5
181,16,6,fixed_broad_birth,3.358916844416087,2.282177322938192,2.3935677693908453
181,16,6,measurement_driven_birth,3.4324553502946453,2.886751345948129,1.7677669529663689
181,16,6,dp_delayed_recluster,3.0327262931740195,2.041241452319315,2.165063509461097
182,6,16,fixed_broad_birth,4.891449359810492,3.4610932762158644,3.307189138830738
182,6,16,measurement_driven_birth,5.292399440398356,4.448782605013046,2.7003086243366083
182,6,16,dp_delayed_recluster,4.946694381654677,3.75,3.0618621784789726
182,8,12,fixed_broad_birth,5.281082966639785,3.608439182435161,3.75
182,8,12,measurement_driven_birth,5.151350938330738,4.5069390943299865,2.3935677693908453
182,8,12,dp_delayed_recluster,4.68891382846161,3.679900360969936,2.7950849718747373
182,12,8,fixed_broad_birth,4.632498947751436,2.9755951785595207,3.4610932762158644
182,12,8,measurement_driven_birth,3.8049255502354327,3.227486121839514,1.9094065395649333
182,12,8,dp_delayed_recluster,4.187614573211093,3.227486121839514,2.6020824993326657
182,16,6,fixed_broad_birth,4.531690304528277,2.282177322938192,3.75
182,16,6,measurement_driven_birth,3.575688901932699,2.7950849718747373,2.165063509461097
182,16,6,dp_delayed_recluster,3.648973785797112,2.3935677693908453,2.5
183,6,16,fixed_broad_birth,5.07170608396417,3.307189138830738,3.75
183,6,16,measurement_driven_birth,5.404409374001867,4.389855730355308,3.0618621784789726
183,6,16,dp_delayed_recluster,5.0629119981387,3.952847075210474,2.9755951785595207
183,8,12,fixed_broad_birth,4.995421712481324,3.5355339059327378,3.4610932762158644
183,8,12,measurement_driven_birth,4.990059762566289,4.330127018922194,2.3935677693908453
183,8,12,dp_delayed_recluster,4.445048083163457,3.4610932762158644,2.7003086243366083
183,12,8,fixed_broad_birth,4.644556086067222,2.6020824993326657,3.679900360969936
183,12,8,measurement_driven_birth,4.246100491702692,3.679900360969936,2.041241452319315
183,12,8,dp_delayed_recluster,3.876876336334597,2.7950849718747373,2.6020824993326657
183,16,6,fixed_broad_birth,4.3488314352378445,2.282177322938192,3.608439182435161
183,16,6,measurement_driven_birth,3.5593725694845677,2.6020824993326657,2.282177322938192
183,16,6,dp_delayed_recluster,3.3532944630616988,2.041241452319315,2.6020824993326657
184,6,16,fixed_broad_birth,5.720888905537845,3.679900360969936,4.269562819149833
184,6,16,measurement_driven_birth,5.6451788567199355,4.7871355387816905,2.886751345948129
184,6,16,dp_delayed_recluster,5.139101194552744,3.886407938787006,3.1457643480294792
184,8,12,fixed_broad_birth,4.5286270972076235,2.7003086243366083,3.5355339059327378
184,8,12,measurement_driven_birth,4.158523929930861,3.38501600193165,2.282177322938192
184,8,12,dp_delayed_recluster,3.970967993968389,2.886751345948129,2.6020824993326657
184,12,8,fixed_broad_birth,4.0265492653274855,2.165063509461097,3.307189138830738
184,12,8,measurement_driven_birth,3.954874011721576,3.0618621784789726,2.3935677693908453
184,12,8,dp_delayed_recluster,3.3193727881495962,2.165063509461097,2.3935677693908453
184,16,6,fixed_broad_birth,3.889681448729681,2.041241452319315,3.227486121839514
184,16,6,measurement_driven_birth,3.309913003046791,2.6020824993326657,1.9094065395649333
184,16,6,dp_delayed_recluster,3.6204564117530773,2.282177322938192,2.7003086243366083
185,6,16,fixed_broad_birth,5.610927602834656,4.018187817080398,3.8188130791298667
185,6,16,measurement_driven_birth,5.687022771274741,4.947642536265799,2.7003086243366083
185,6,16,dp_delayed_recluster,5.60766441345711,4.5069390943299865,3.227486121839514
185,8,12,fixed_broad_birth,4.96092048392382,3.0618621784789726,3.8188130791298667
185,8,12,measurement_driven_birth,4.991403234710168,4.208127057650866,2.6020824993326657
185,8,12,dp_delayed_recluster,4.571312375350244,2.9755951785595207,3.38501600193165
185,12,8,fixed_broad_birth,4.258172075941963,2.5,3.38501600193165
185,12,8,measurement_driven_birth,3.735460456464815,2.9755951785595207,2.165063509461097
185,12,8,dp_delayed_recluster,3.8063779183201096,2.6020824993326657,2.7003086243366083
185,16,6,fixed_broad_birth,3.647120470394979,2.165063509461097,2.886751345948129
185,16,6,measurement_driven_birth,3.3461312629964186,2.6020824993326657,2.041241452319315
185,16,6,dp_delayed_recluster,3.3494347250002363,2.041241452319315,2.6020824993326657
186,6,16,fixed_broad_birth,5.062938386695636,3.4610932762158644,3.5355339059327378
186,6,16,measurement_driven_birth,5.334070347575909,4.564354645876384,2.6020824993326657
186,6,16,dp_delayed_recluster,4.885718001522745,4.018187817080398,2.3935677693908453
186,8,12,fixed_broad_birth,4.581701862416826,3.4610932762158644,2.886751345948129
186,8,12,measurement_driven_birth,4.901073549700009,4.269562819149833,2.282177322938192
186,8,12,dp_delayed_recluster,4.096121709018042,3.227486121839514,2.3935677693908453
186,12,8,fixed_broad_birth,4.329975335465429,2.7003086243366083,3.307189138830738
186,12,8,measurement_driven_birth,4.196346015655696,3.5355339059327378,2.165063509461097
186,12,8,dp_delayed_recluster,4.386741227896179,3.38501600193165,2.7003086243366083
186,16,6,fixed_broad_birth,4.045338757592304,2.041241452319315,3.307189138830738
186,16,6,measurement_driven_birth,3.578559099961431,2.7950849718747373,2.165063509461097
186,16,6,dp_delayed_recluster,3.7353957278450745,2.165063509461097,2.9755951785595207
187,6,16,fixed_broad_birth,5.661347551733138,4.208127057650866,3.679900360969936
187,6,16,measurement_driven_birth,5.789404590098517,4.894725051862804,2.9755951785595207
187,6,16,dp_delayed_recluster,4.908282462446143,3.679900360969936,3.1457643480294792
187,8,12,fixed_broad_birth,5.361139199141233,3.38501600193165,4.08248290463863
187,8,12,measurement_driven_birth,5.2092506888181145,4.208127057650866,2.9755951785595207
187,8,12,dp_delayed_recluster,4.529345931780173,3.38501600193165,2.886751345948129
187,12,8,fixed_broad_birth,4.510681352495275,2.7950849718747373,3.4610932762158644
187,12,8,measurement_driven_birth,4.138176252926361,3.5355339059327378,2.041241452319315
187,12,8,dp_delayed_recluster,4.143443825743184,3.1457643480294792,2.6020824993326657
187,16,6,fixed_broad_birth,4.124532658115056,2.041241452319315,3.5355339059327378
187,16,6,measurement_driven_birth,3.19341119486785,2.7003086243366083,1.613743060919757
187,16,6,dp_delayed_recluster,3.360028463034416,2.041241452319315,2.6020824993326657
188,6,16,fixed_broad_birth,5.559885976454091,4.018187817080398,3.608439182435161
188,6,16,measurement_driven_birth,6.170128117333002,5.400617248673217,2.7950849718747373
188,6,16,dp_delayed_recluster,5.01128237369153,3.8188130791298667,2.9755951785595207
188,8,12,fixed_broad_birth,5.403573384062606,3.75,3.8188130791298667
188,8,12,measurement_driven_birth,4.9414937266501315,4.448782605013046,2.041241452319315
188,8,12,dp_delayed_recluster,4.894646792857993,4.018187817080398,2.7003086243366083
188,12,8,fixed_broad_birth,4.767103591434693,2.886751345948129,3.75
188,12,8,measurement_driven_birth,3.9266486520679944,3.38501600193165,1.9094065395649333
188,12,8,dp_delayed_recluster,3.932838448623761,3.0618621784789726,2.3935677693908453
188,16,6,fixed_broad_birth,3.9859916882984883,2.165063509461097,3.307189138830738
188,16,6,measurement_driven_birth,3.420179830344165,2.7950849718747373,1.9094065395649333
188,16,6,dp_delayed_recluster,3.2759990453804737,2.5,2.041241452319315
189,6,16,fixed_broad_birth,5.819450238259047,3.608439182435161,4.448782605013046
189,6,16,measurement_driven_birth,5.635288926466011,4.5069390943299865,3.1457643480294792
189,6,16,dp_delayed_recluster,5.530857587184047,4.330127018922194,3.227486121839514
189,8,12,fixed_broad_birth,5.125079660820499,3.5355339059327378,3.608439182435161
189,8,12,measurement_driven_birth,4.967432282183184,3.952847075210474,2.886751345948129
189,8,12,dp_delayed_recluster,4.355872999297637,3.0618621784789726,2.9755951785595207
189,12,8,fixed_broad_birth,4.28946691820183,2.3935677693908453,3.4610932762158644
189,12,8,measurement_driven_birth,3.958584589001274,3.1457643480294792,2.282177322938192
189,12,8,dp_delayed_recluster,3.719025360467763,2.6020824993326657,2.5
189,16,6,fixed_broad_birth,3.7250845407234103,2.282177322938192,2.886751345948129
189,16,6,measurement_driven_birth,3.505219939568589,2.9755951785595207,1.7677669529663689
189,16,6,dp_delayed_recluster,3.112091645964705,2.165063509461097,2.165063509461097
190,6,16,fixed_broad_birth,5.781465223559559,3.886407938787006,4.08248290463863
190,6,16,measurement_driven_birth,5.82525635538979,4.732423621500228,3.1457643480294792
190,6,16,dp_delayed_recluster,5.216255147717246,4.389855730355308,2.6020824993326657
190,8,12,fixed_broad_birth,5.164291665175841,2.9755951785595207,4.14578098794425
190,8,12,measurement_driven_birth,4.511387159101574,3.75,2.3935677693908453
190,8,12,dp_delayed_recluster,4.580414870298342,3.5355339059327378,2.7950849718747373
190,12,8,fixed_broad_birth,4.282085201635535,2.3935677693908453,3.4610932762158644
190,12,8,measurement_driven_birth,3.954113748317564,3.1457643480294792,2.282177322938192
190,12,8,dp_delayed_recluster,3.694831969769032,2.3935677693908453,2.7003086243366083
190,16,6,fixed_broad_birth,3.86780690734527,1.9094065395649333,3.307189138830738
190,16,6,measurement_driven_birth,3.3577901984613296,2.7003086243366083,1.9094065395649333
190,16,6,dp_delayed_recluster,3.3736225761679277,2.165063509461097,2.5
191,6,16,fixed_broad_birth,4.767972064049151,3.5355339059327378,3.0618621784789726
191,6,16,measurement_driven_birth,4.965398783659174,4.269562819149833,2.3935677693908453
191,6,16,dp_delayed_recluster,4.470703145953136,3.38501600193165,2.7950849718747373
191,8,12,fixed_broad_birth,5.315540778981969,3.0618621784789726,4.269562819149833
191,8,12,measurement_driven_birth,4.843357469153443,4.018187817080398,2.6020824993326657
191,8,12,dp_delayed_recluster,4.23091297205106,2.9755951785595207,2.886751345948129
191,12,8,fixed_broad_birth,4.771349142171178,2.3935677693908453,4.08248290463863
191,12,8,measurement_driven_birth,3.9225662127704615,3.307189138830738,2.041241452319315
191,12,8,dp_delayed_recluster,4.366010748404245,3.1457643480294792,2.886751345948129
191,16,6,fixed_broad_birth,4.367695590454646,2.041241452319315,3.8188130791298667
191,16,6,measurement_driven_birth,3.271157191740492,2.6020824993326657,1.9094065395649333
191,16,6,dp_delayed_recluster,3.7187575359266902,2.6020824993326657,2.6020824993326657
192,6,16,fixed_broad_birth,5.759901543786486,4.08248290463863,3.952847075210474
192,6,16,measurement_driven_birth,5.607389554940839,4.841229182759271,2.7003086243366083
192,6,16,dp_delayed_recluster,4.875058827627309,3.952847075210474,2.7003086243366083
192,8,12,fixed_broad_birth,5.116110028548263,2.9755951785595207,4.08248290463863
192,8,12,measurement_driven_birth,4.627600485564911,3.8188130791298667,2.5
192,8,12,dp_delayed_recluster,4.915950579210823,4.018187817080398,2.7003086243366083
192,12,8,fixed_broad_birth,4.496573451457552,2.6020824993326657,3.608439182435161
192,12,8,measurement_driven_birth,4.06531148930641,3.307189138830738,2.282177322938192
192,12,8,dp_delayed_recluster,3.599445878193356,2.5,2.5
192,16,6,fixed_broad_birth,3.7344114738588496,1.7677669529663689,3.227486121839514
192,16,6,measurement_driven_birth,3.116122510348943,2.5,1.7677669529663689
192,16,6,dp_delayed_recluster,3.1921301080841693,2.165063509461097,2.282177322938192
193,6,16,fixed_broad_birth,5.340382663777608,3.75,3.608439182435161
193,6,16,measurement_driven_birth,5.320205555194997,4.564354645876384,2.6020824993326657
193,6,16,dp_delayed_recluster,5.150173940225807,4.018187817080398,3.0618621784789726
193,8,12,fixed_broad_birth,5.352153157373905,3.4610932762158644,4.018187817080398
193,8,12,measurement_driven_birth,4.669201582647173,3.886407938787006,2.5
193,8,12,dp_delayed_recluster,4.924603707272415,3.75,3.0618621784789726
193,12,8,fixed_broad_birth,4.553152282477738,2.7950849718747373,3.5355339059327378
193,12,8,measurement_driven_birth,3.4403524329064723,3.0618621784789726,1.4433756729740645
193,12,8,dp_delayed_recluster,3.531852966092634,2.3935677693908453,2.5
193,16,6,fixed_broad_birth,4.426190300642342,2.3935677693908453,3.679900360969936
193,16,6,measurement_driven_birth,3.424970221819039,2.7003086243366083,2.041241452319315
193,16,6,dp_delayed_recluster,3.7257855295628364,2.041241452319315,3.0618621784789726
194,6,16,fixed_broad_birth,5.898532364323419,4.14578098794425,3.952847075210474
194,6,16,measurement_driven_birth,5.526616543860672,4.621056877670591,2.886751345948129
194,6,16,dp_delayed_recluster,5.178575511509392,3.75,3.38501600193165
194,8,12,fixed_broad_birth,4.996008722999569,3.4610932762158644,3.5355339059327378
194,8,12,measurement_driven_birth,5.141488732290499,4.269562819149833,2.7950849718747373
194,8,12,dp_delayed_recluster,4.50361613680199,3.608439182435161,2.6020824993326657
194,12,8,fixed_broad_birth,5.101769535360711,3.0618621784789726,4.018187817080398
194,12,8,measurement_driven_birth,4.25325209297645,3.75,1.9094065395649333
194,12,8,dp_delayed_recluster,4.216713472554179,3.227486121839514,2.6020824993326657
194,16,6,fixed_broad_birth,4.3094070286502415,2.3935677693908453,3.5355339059327378
194,16,6,measurement_driven_birth,3.9184231356502734,3.307189138830738,2.041241452319315
194,16,6,dp_delayed_recluster,3.5847385179347375,2.282177322938192,2.7003086243366083
195,6,16,fixed_broad_birth,5.497507168845904,3.75,3.886407938787006
195,6,16,measurement_driven_birth,5.57174525305204,4.564354645876384,3.0618621784789726
195,6,16,dp_delayed_recluster,4.913175811929083,3.608439182435161,3.227486121839514
195,8,12,fixed_broad_birth,5.117812096926027,3.75,3.38501600193165
195,8,12,measurement_driven_birth,5.309380501834688,4.5069390943299865,2.7003086243366083
195,8,12,dp_delayed_recluster,4.471733007477178,3.38501600193165,2.7950849718747373
195,12,8,fixed_broad_birth,5.343435246987414,2.886751345948129,4.448782605013046
195,12,8,measurement_driven_birth,4.191398221518041,3.4610932762158644,2.282177322938192
195,12,8,dp_delayed_recluster,4.881283290447416,3.8188130791298667,2.9755951785595207
195,16,6,fixed_broad_birth,4.059330990226515,1.9094065395649333,3.5355339059327378
195,16,6,measurement_driven_birth,2.9377209921243304,2.282177322938192,1.7677669529663689
195,16,6,dp_delayed_recluster,3.4271561798270205,2.282177322938192,2.5
196,6,16,fixed_broad_birth,6.01496303179439,4.389855730355308,4.018187817080398
196,6,16,measurement_driven_birth,5.596532305814711,4.947642536265799,2.5
196,6,16,dp_delayed_recluster,4.756595959960398,3.75,2.7950849718747373
196,8,12,fixed_broad_birth,5.005523020744942,3.0618621784789726,3.8188130791298667
196,8,12,measurement_driven_birth,4.736256610495959,4.14578098794425,2.165063509461097
196,8,12,dp_delayed_recluster,4.167529794860123,2.886751345948129,2.886751345948129
196,12,8,fixed_broad_birth,4.076420778660736,2.6020824993326657,3.0618621784789726
196,12,8,measurement_driven_birth,3.6038235846656823,3.1457643480294792,1.613743060919757
196,12,8,dp_delayed_recluster,3.680927168588574,2.6020824993326657,2.5
196,16,6,fixed_broad_birth,3.7169385942045783,2.3935677693908453,2.7950849718747373
196,16,6,measurement_driven_birth,3.265810615278064,2.886751345948129,1.4433756729740645
196,16,6,dp_delayed_recluster,3.501581937770845,2.6020824993326657,2.282177322938192
197,6,16,fixed_broad_birth,5.665700508243164,4.330127018922194,3.5355339059327378
197,6,16,measurement_driven_birth,5.970873431866658,5.204164998665331,2.7950849718747373
197,6,16,dp_delayed_recluster,5.621266899330191,4.564354645876384,3.0618621784789726
197,8,12,fixed_broad_birth,5.3753611616572226,3.679900360969936,3.8188130791298667
197,8,12,measurement_driven_birth,5.06699583400567,4.448782605013046,2.282177322938192
197,8,12,dp_delayed_recluster,4.478745921806189,3.679900360969936,2.3935677693908453
197,12,8,fixed_broad_birth,4.002584269558335,2.3935677693908453,3.1457643480294792
197,12,8,measurement_driven_birth,3.505981929574252,2.886751345948129,1.9094065395649333
197,12,8,dp_delayed_recluster,3.660225968189274,2.3935677693908453,2.7003086243366083
197,16,6,fixed_broad_birth,4.239327677509734,2.6020824993326657,3.307189138830738
197,16,6,measurement_driven_birth,3.9792096233233774,3.227486121839514,2.282177322938192
197,16,6,dp_delayed_recluster,3.570716936440489,2.7003086243366083,2.282177322938192
198,6,16,fixed_broad_birth,5.628844777523056,3.952847075210474,3.886407938787006
198,6,16,measurement_driven_birth,5.8373449723924224,5.0518148554092255,2.7950849718747373
198,6,16,dp_delayed_recluster,4.826643507323626,3.75,2.886751345948129
198,8,12,fixed_broad_birth,4.875107936414058,3.227486121839514,3.5355339059327378
198,8,12,measurement_driven_birth,4.789248931060867,4.208127057650866,2.165063509461097
198,8,12,dp_delayed_recluster,4.340973551560351,3.4610932762158644,2.5
198,12,8,fixed_broad_birth,4.8838702609423805,2.886751345948129,3.75
198,12,8,measurement_driven_birth,4.431167619846096,3.8188130791298667,2.165063509461097
198,12,8,dp_delayed_recluster,4.445323158267574,3.679900360969936,2.3935677693908453
198,16,6,fixed_broad_birth,4.112805376671195,2.3935677693908453,3.307189138830738
198,16,6,measurement_driven_birth,3.501760528462478,2.7950849718747373,2.041241452319315
198,16,6,dp_delayed_recluster,3.5094634361638892,2.3935677693908453,2.5
199,6,16,fixed_broad_birth,5.471920145531739,3.679900360969936,3.886407938787006
199,6,16,measurement_driven_birth,5.372208895597181,4.448782605013046,2.886751345948129
199,6,16,dp_delayed_recluster,4.778457730462374,3.608439182435161,2.9755951785595207
199,8,12,fixed_broad_birth,4.68985916275079,3.227486121839514,3.307189138830738
199,8,12,measurement_driven_birth,4.56502000272391,3.952847075210474,2.165063509461097
199,8,12,dp_delayed_recluster,4.182899258541056,3.38501600193165,2.282177322938192
199,12,8,fixed_broad_birth,4.163107156186482,2.3935677693908453,3.307189138830738
199,12,8,measurement_driven_birth,3.759733778059718,3.1457643480294792,1.9094065395649333
199,12,8,dp_delayed_recluster,3.6354134522499795,2.282177322938192,2.7003086243366083
199,16,6,fixed_broad_birth,4.310583597620099,2.5,3.4610932762158644
199,16,6,measurement_driven_birth,3.5066587115401644,3.0618621784789726,1.613743060919757
199,16,6,dp_delayed_recluster,3.6662988023021064,2.5,2.6020824993326657
